LotArea,TotalBsmtSF,1stFlrSF,GrLivArea,SalePrice,RegularLotShape,LandIsLvl,LotConfigCL,LotAdjacencyType,HouseCondition,YrBuilt,WasRemodeled,VeneerType,HeatingQuality,EleSystem,BsmtHasBath,HasHalfBath,Bedrooms,RemainingRooms,AdditionalRooms,NumFireplaces,GarageAreaByCar,HasDeck,HasPool,MonthSold,YearSold
8450,856,856,1710,208500,1,1,0,0,2,1,0,1,0,0,1,1,2,5,3,0,2,0,0,1,2
9600,1262,1262,1262,181500,1,1,3,1,1,1,0,0,0,0,1,0,2,3,1,1,2,1,0,4,1
11250,920,920,1786,223500,0,1,0,0,2,1,1,1,0,0,1,1,2,3,1,1,2,0,0,8,2
9550,756,961,1717,140000,0,1,1,0,2,0,1,0,2,0,1,0,2,4,2,1,3,0,0,1,0
14260,1145,1145,2198,250000,0,1,3,0,2,1,0,1,0,0,1,1,3,5,3,1,3,1,0,11,2
14115,796,796,1362,143000,0,1,0,0,1,1,1,0,0,0,1,1,0,4,2,0,2,1,0,9,3
10084,1686,1694,1694,307000,1,1,0,0,2,1,1,2,0,0,1,0,2,4,2,1,2,1,0,7,1
10382,1107,1107,2090,200000,0,1,1,3,2,1,0,2,0,0,1,1,2,4,2,2,2,1,0,10,3
6120,952,1022,1774,129900,1,1,0,1,2,0,1,0,2,1,0,0,1,6,4,2,2,1,0,3,2
7420,991,1077,1077,118000,1,1,1,1,1,0,1,0,0,0,1,0,1,3,1,2,1,0,0,0,2
11200,1040,1040,1040,129500,1,1,0,0,1,1,0,0,0,0,1,0,2,2,0,0,1,0,0,1,2
12968,912,912,912,144000,0,1,0,0,1,1,0,0,1,0,1,0,1,2,0,0,1,1,0,8,2
10652,1494,1494,1494,279500,0,1,0,0,2,1,1,2,0,0,0,0,2,4,2,1,3,1,0,7,1
10920,1253,1253,1253,157000,0,1,1,0,1,1,0,1,1,0,1,1,1,3,1,1,1,0,0,4,2
6120,832,854,854,132000,1,1,1,0,2,0,1,0,0,1,0,0,1,3,1,0,2,1,0,6,1
11241,1004,1004,1004,149000,0,1,2,0,1,1,0,1,0,0,1,0,1,3,1,1,2,0,0,2,4
10791,0,1296,1296,90000,1,1,0,0,1,1,0,0,1,0,0,0,1,4,2,0,2,0,0,9,0
13695,1114,1114,1114,159000,1,1,0,2,1,1,0,0,0,0,1,1,2,3,1,0,2,0,0,5,2
7560,1029,1339,1339,139000,1,1,0,0,1,1,1,0,1,0,0,0,2,3,1,0,1,0,0,4,3
14215,1158,1158,2376,325300,0,1,1,0,2,1,1,1,0,0,0,1,3,5,3,1,3,1,0,10,0
7449,637,1108,1108,139400,1,0,0,0,2,0,1,0,0,1,0,0,2,3,1,1,1,0,0,5,1
4224,1040,1060,1060,129900,1,1,0,0,1,1,0,0,1,0,1,0,2,3,1,1,2,1,0,5,1
8246,1060,1060,1060,154000,0,1,0,0,1,1,1,0,0,0,1,0,2,3,1,1,1,1,0,4,4
14230,1566,1600,1600,256300,1,1,1,0,2,1,0,2,0,0,0,0,2,4,2,1,3,0,0,6,3
7200,900,900,900,134800,1,1,1,0,1,1,1,0,1,0,1,0,2,2,0,0,2,1,0,4,4
11478,1704,1704,1704,306000,1,1,0,0,2,1,1,2,0,0,1,0,2,4,2,1,3,0,0,4,4
16321,1484,1600,1600,207500,0,1,2,0,1,1,1,0,1,0,1,0,1,4,2,2,1,1,0,11,0
6324,520,520,520,68500,0,1,0,1,1,0,1,0,3,0,0,0,0,3,1,0,1,1,0,4,2
8500,649,649,1317,40000,1,1,0,1,1,0,1,0,1,0,0,0,2,3,1,0,1,0,0,6,2
8544,1228,1228,1228,149350,0,1,2,0,1,1,1,0,2,0,0,1,2,3,1,0,1,0,0,5,2
11049,1234,1234,1234,179900,1,1,1,0,2,1,0,0,0,0,0,0,2,4,2,0,2,0,0,0,2
10552,1398,1700,1700,165500,0,1,0,0,1,1,0,0,2,0,1,1,3,2,0,1,2,0,0,3,4
7313,1561,1561,1561,277500,1,1,0,0,2,1,0,1,0,0,1,0,1,4,2,1,2,1,0,7,1
13418,1117,1132,2452,309000,1,1,0,0,2,1,1,2,0,0,0,1,3,5,3,1,3,1,0,8,0
10859,1097,1097,1097,145000,1,1,1,0,1,1,1,0,0,0,0,1,2,3,1,0,2,1,0,5,3
8532,1297,1297,1297,153000,1,1,0,0,1,1,1,1,2,0,1,0,2,2,0,1,2,0,0,9,3
7922,1057,1057,1057,109000,1,1,0,0,1,1,1,0,1,0,1,0,2,2,0,0,1,0,0,0,4
6040,0,1152,1152,82000,1,1,0,0,1,1,0,0,1,1,0,0,1,4,2,0,0,0,0,5,2
8658,1088,1324,1324,160000,1,1,0,0,1,1,0,1,0,0,0,0,2,3,1,1,2,0,0,11,0
16905,1350,1328,1328,170000,1,1,0,0,1,1,0,0,2,0,1,1,1,3,1,2,1,0,0,6,1
9180,840,884,884,144000,0,1,2,0,1,1,0,0,2,0,1,0,1,3,1,0,2,1,0,11,1
9200,938,938,938,130250,0,1,2,0,1,1,1,0,1,0,1,0,2,2,0,0,1,1,0,6,2
7945,1150,1150,1150,141000,1,1,0,0,1,1,0,0,0,1,1,0,2,3,1,0,1,0,0,4,0
7658,1752,1752,1752,319900,1,1,0,0,2,1,0,1,0,0,1,0,1,4,2,1,2,1,0,1,4
12822,1434,1518,2149,239686,0,1,2,0,2,1,0,0,0,0,1,1,0,5,3,1,2,1,0,7,3
11096,1656,1656,1656,249700,1,1,0,0,2,1,0,0,0,0,0,0,2,4,2,0,3,0,0,6,1
4456,736,736,1452,113000,1,1,0,0,1,0,1,0,2,0,0,0,1,6,4,0,0,0,0,5,3
7742,955,955,955,127000,1,1,0,0,1,1,0,0,0,0,1,0,2,3,1,0,1,0,0,0,1
13869,794,794,1470,177000,0,1,1,0,1,1,0,0,2,0,1,0,2,3,1,0,2,0,0,6,1
6240,816,816,1176,114500,1,1,0,0,1,0,1,0,1,0,0,0,2,3,1,1,2,1,0,8,0
8472,816,816,816,110000,0,0,1,2,1,1,0,0,1,0,1,0,1,3,1,0,2,1,0,4,4
7134,384,1360,1360,130000,1,0,0,0,1,1,0,0,1,0,0,0,2,3,1,1,2,0,0,1,1
10175,1425,1425,1425,180500,0,1,0,0,1,1,0,1,2,0,0,0,2,4,2,1,2,0,0,6,2
2645,970,983,1739,172500,1,1,0,0,2,1,1,1,0,0,1,1,2,4,2,0,2,1,0,7,3
11645,860,860,1720,196500,0,1,1,0,2,1,0,0,0,0,0,1,2,4,2,0,2,0,0,7,0
7200,780,780,780,124900,1,0,0,0,1,1,0,0,0,0,0,0,1,2,0,0,1,1,0,0,2
13072,1158,1158,1158,158000,1,1,0,2,1,1,0,0,0,0,1,1,2,2,0,0,2,0,0,4,0
7200,530,581,1111,101000,1,1,0,0,1,0,1,0,1,0,0,0,2,3,1,0,1,0,0,2,1
6442,1370,1370,1370,202500,0,1,0,0,2,1,0,2,0,0,0,0,1,4,2,1,2,1,0,9,1
10300,576,902,1710,140000,0,0,0,2,2,0,1,0,2,0,0,0,2,6,4,0,2,1,0,3,4
9375,1057,1057,2034,219500,1,1,0,0,2,1,1,1,0,0,1,1,2,5,3,0,2,1,0,1,3
10665,1453,1479,1479,226000,0,1,0,0,2,1,0,1,0,0,1,0,2,4,2,0,2,1,0,5,1
4608,747,747,747,80000,1,1,1,1,1,0,1,0,1,0,0,0,1,2,0,0,1,0,0,5,4
15593,1304,1304,2287,225000,1,1,1,0,2,1,0,0,1,0,0,0,2,4,2,1,2,0,0,6,0
7599,845,845,845,129500,1,1,1,0,1,1,1,0,1,0,1,0,1,2,0,0,2,0,0,5,1
10141,832,885,1718,185000,0,1,1,0,2,1,0,1,2,0,0,1,2,4,2,1,2,0,0,11,3
10200,1086,1086,1086,144900,1,1,0,0,1,1,1,1,2,0,1,0,2,3,1,0,2,0,0,4,4
5790,840,840,1605,107400,1,1,1,0,1,0,1,0,2,0,0,0,2,5,3,0,1,0,0,4,4
1596,462,526,988,91000,1,1,0,0,1,1,0,0,1,0,1,0,1,3,1,0,1,1,0,10,3
8475,952,952,952,135750,0,1,0,0,1,1,0,0,0,1,0,0,1,2,0,0,1,0,0,3,2
8635,672,1072,1285,127000,1,1,0,0,1,1,1,0,1,0,1,0,1,4,2,0,1,0,0,0,2
10440,440,682,1230,110000,1,1,1,0,1,0,1,0,2,0,0,1,1,3,1,0,2,1,0,4,3
13000,896,1182,2142,193500,1,1,1,0,1,1,0,1,1,0,0,1,3,4,2,1,1,0,0,5,3
4500,1237,1337,1337,153500,1,1,3,0,1,1,0,1,0,0,1,0,1,3,1,0,2,0,0,2,0
10206,1563,1563,1563,245000,1,1,0,0,2,1,0,2,0,0,0,0,2,3,1,1,3,1,0,9,2
8892,1065,1065,1065,126500,0,1,0,0,1,1,0,1,2,0,0,1,2,3,1,0,2,1,0,6,1
8530,384,804,1474,168500,0,1,0,0,2,1,1,1,2,0,0,1,2,4,2,1,2,1,0,4,3
16059,1288,1301,2417,260000,1,1,1,0,2,1,1,1,0,0,0,1,3,5,3,1,2,1,0,3,0
11911,684,684,1560,174000,0,1,0,0,1,1,0,0,0,0,0,1,2,3,1,1,2,1,0,2,3
3951,612,612,1224,164500,1,1,1,0,1,1,0,2,0,0,0,1,1,2,0,0,2,0,0,5,3
8470,1013,1013,1526,85000,0,1,1,1,1,0,1,0,1,0,0,0,1,4,2,0,0,0,0,9,3
8070,990,990,990,123600,1,1,0,0,1,1,1,0,0,0,1,0,2,2,0,0,0,0,0,7,1
7200,0,1040,1040,109900,1,1,0,0,1,1,0,0,1,1,0,0,1,2,0,0,2,0,0,6,0
8500,1235,1235,1235,98600,1,1,0,0,1,1,0,1,1,0,0,0,1,4,2,0,2,0,0,11,0
13360,876,964,964,163500,0,0,0,0,1,0,1,0,0,0,1,0,1,3,1,0,2,0,0,7,3
7200,1214,1260,2291,133900,1,1,1,0,1,0,1,0,0,0,1,0,3,5,3,1,2,0,0,10,1
9337,824,905,1786,204750,0,1,0,0,1,1,0,0,0,0,1,1,2,4,2,0,2,0,0,4,1
9765,680,680,1470,185000,0,1,1,0,1,1,0,1,2,0,0,1,2,3,1,1,2,1,0,3,3
10264,1588,1588,1588,214000,0,1,0,0,2,1,0,1,0,0,0,0,2,3,1,0,2,1,0,7,0
10921,960,960,960,94750,1,0,0,0,1,1,0,1,1,1,1,0,2,3,1,0,1,1,0,4,1
10625,458,835,835,83000,1,1,1,0,1,0,1,0,3,0,0,0,1,3,1,0,1,0,0,4,4
9320,950,1225,1225,128950,0,1,0,0,1,1,0,0,3,0,1,1,2,3,1,0,0,1,0,0,4
10603,1610,1610,1610,205000,0,1,0,0,1,1,1,1,2,0,1,0,2,3,1,2,2,1,0,1,4
9206,741,977,1732,178000,1,1,0,0,1,1,0,1,1,0,0,1,2,4,2,1,2,1,0,5,4
7018,0,1535,1535,118964,1,0,0,0,1,1,0,0,1,0,0,0,3,4,2,0,2,0,0,5,3
10402,1226,1226,1226,198900,0,1,1,0,2,1,0,0,0,0,0,0,2,3,1,0,3,0,0,4,4
7758,1040,1226,1818,169500,1,1,1,0,2,0,1,1,0,1,0,1,3,3,1,2,1,0,0,5,1
9375,1053,1053,1992,250000,1,1,0,0,2,1,1,1,0,0,0,1,2,6,4,1,2,1,0,7,2
10800,641,1047,1047,100000,1,1,0,0,1,0,1,0,2,0,0,0,1,4,2,0,1,0,0,7,1
6000,789,789,789,115000,1,1,0,0,1,1,1,0,0,0,0,0,1,3,1,0,1,0,0,3,2
8500,793,997,1517,115000,1,1,1,1,1,0,1,0,1,1,0,0,2,4,2,0,0,0,0,7,1
9525,994,1216,1855,136900,1,1,0,0,1,1,1,0,2,0,0,0,3,3,1,0,1,1,0,9,0
7750,384,774,1430,180000,0,1,0,0,2,1,0,0,0,0,0,1,2,4,2,1,2,1,0,3,4
7259,1028,1436,2320,259500,0,1,0,0,1,0,1,0,0,0,1,1,2,6,4,1,1,1,0,6,1
3230,729,729,1458,176000,1,1,1,0,1,1,0,1,2,0,0,1,1,3,1,1,2,0,0,5,1
11616,1092,1092,1092,139000,1,1,0,0,1,1,0,1,1,0,1,0,2,3,1,1,1,0,0,8,3
8536,1125,1125,1125,155000,1,1,1,0,1,1,1,0,2,0,0,1,1,3,1,0,2,1,0,3,1
8461,728,728,1456,163990,1,1,0,0,1,1,1,0,0,0,0,1,2,5,3,1,2,0,0,6,0
6060,732,772,1123,100000,1,1,0,0,1,0,1,0,2,0,0,0,2,1,0,0,1,0,0,5,1
9464,1080,1080,1080,136000,1,1,1,0,1,1,0,1,2,0,0,0,2,2,0,0,1,0,0,5,2
7892,1199,1199,1199,153900,1,1,0,0,1,1,0,0,0,0,0,0,1,3,1,0,2,0,0,2,2
17043,1362,1586,1586,181000,0,1,2,0,1,1,1,0,1,0,0,0,2,4,2,1,2,1,0,0,3
6780,520,520,754,84500,1,1,0,0,1,0,1,0,2,0,1,0,1,3,1,0,0,1,0,5,0
4928,1078,958,958,128000,0,1,0,0,1,1,0,0,1,0,0,0,1,3,1,1,2,0,0,1,1
4388,672,840,840,87000,0,0,0,1,1,0,1,0,0,0,0,0,2,2,0,1,0,0,0,5,1
7590,660,660,1348,155000,1,1,0,3,1,1,0,1,1,0,0,1,2,3,1,1,2,1,0,6,0
8973,1008,1053,1053,150000,1,1,0,0,1,1,1,1,1,1,1,1,2,3,1,0,2,0,0,6,0
14200,924,1216,2157,226000,1,1,1,0,2,1,0,1,0,0,0,1,3,4,2,2,2,1,0,4,0
12224,992,1022,2054,244000,0,1,1,0,1,1,0,1,0,0,1,1,2,4,2,1,2,1,0,6,3
7388,1063,1327,1327,150750,1,1,1,0,1,1,1,0,2,0,1,0,2,4,2,0,2,0,0,6,1
6853,1267,1296,1296,220000,0,1,0,0,2,1,1,1,0,0,1,0,1,4,2,0,2,1,0,5,3
10335,1461,1721,1721,180000,0,1,0,0,1,1,1,0,2,0,0,1,2,4,2,1,2,0,0,6,0
10400,1304,1682,1682,174000,1,1,0,0,2,1,0,1,2,0,0,0,2,4,2,1,2,1,0,4,2
10355,1214,1214,1214,143000,0,1,1,0,1,1,0,1,1,0,0,0,2,2,0,1,1,0,0,6,1
9066,1004,1004,1852,230000,0,1,0,0,2,1,1,1,0,0,0,1,2,4,2,2,3,1,0,11,2
15426,928,928,1764,231500,0,1,0,0,1,1,0,0,0,0,1,1,2,4,2,0,2,1,0,7,3
10500,864,864,864,115000,1,1,3,0,1,1,0,0,1,0,0,0,2,2,0,1,0,0,0,3,4
11645,1734,1734,1734,260000,1,1,0,0,2,1,0,0,0,0,1,0,2,4,2,0,2,1,0,0,0
8520,910,910,1385,166000,1,1,1,1,1,1,0,0,3,0,0,0,3,2,0,0,2,0,0,5,4
10335,1490,1501,1501,204000,0,1,0,0,2,1,0,1,0,0,1,0,2,3,1,0,2,1,0,5,3
9100,1728,1728,1728,125000,1,1,0,2,1,1,0,1,1,0,1,0,3,4,2,0,2,0,0,10,0
2522,970,970,1709,130000,1,1,0,0,1,1,1,2,0,0,0,0,2,4,2,0,2,0,0,3,0
6120,715,875,875,105000,1,1,1,0,1,0,1,0,1,1,1,0,1,3,1,0,1,1,0,10,3
9505,884,884,2035,222500,0,1,2,0,2,1,0,1,0,0,0,1,2,5,3,1,2,1,0,4,4
7500,1080,1080,1080,141000,1,1,0,0,2,1,1,1,0,0,1,0,2,3,1,0,0,0,0,3,2
6240,896,896,1344,115000,1,1,0,0,1,0,1,0,2,1,0,0,2,4,2,0,1,1,0,3,0
10356,969,969,969,122000,1,1,1,0,1,1,0,0,1,0,0,1,2,2,0,0,2,0,0,0,1
14803,825,1097,1993,190000,0,1,2,0,1,1,0,1,2,0,0,1,3,4,2,1,2,0,0,5,0
13500,1602,1252,1252,235000,1,1,0,0,1,1,1,0,2,0,1,0,0,3,1,1,2,1,0,2,2
11340,1200,1200,1200,125000,1,1,1,0,1,0,1,0,1,1,0,0,3,3,1,0,1,0,0,2,0
9600,572,572,1096,79000,1,1,1,1,1,0,1,0,3,1,0,0,1,3,1,0,0,0,0,3,2
7200,0,1040,1040,109500,1,1,0,0,1,1,0,0,1,1,0,0,1,3,1,0,2,0,0,5,0
12003,774,774,1968,269500,1,1,1,0,2,1,1,1,0,0,0,1,3,4,2,1,3,0,0,4,4
12552,991,991,1947,254900,1,1,1,0,2,1,1,0,0,0,0,1,2,5,3,1,2,0,0,4,4
11120,1232,1232,1232,162500,0,1,2,0,1,1,0,0,1,0,0,0,2,3,1,0,2,0,0,5,2
12182,1541,1541,1541,220000,1,1,1,0,2,1,0,1,0,0,0,0,2,4,2,1,2,0,0,4,4
5500,882,882,882,103200,1,1,0,0,1,1,0,0,0,0,0,0,0,3,1,0,0,0,0,3,1
5400,1149,1149,1616,152000,1,1,1,0,1,0,1,0,2,1,0,0,2,2,0,0,1,0,0,9,1
10106,644,808,1355,127500,1,1,0,0,1,0,1,0,2,0,1,0,3,2,0,0,0,1,0,8,2
10562,1582,1610,2161,325624,1,1,0,0,2,1,0,2,0,0,1,1,2,5,3,1,3,1,0,10,1
8244,840,840,1720,183500,0,1,0,0,2,1,0,0,0,0,0,1,2,4,2,1,2,1,0,4,1
16669,1686,1707,1707,228000,0,1,1,0,2,1,0,1,1,0,0,1,1,4,2,1,2,1,0,0,0
12358,720,854,1382,128500,0,1,0,1,1,0,1,0,1,0,0,1,1,5,3,0,2,1,0,4,1
5306,1064,1064,1767,239000,0,1,0,0,2,1,0,0,2,0,1,0,1,3,1,1,2,1,0,5,0
10197,1362,1362,1362,163000,0,1,0,0,1,1,0,1,1,0,1,1,2,3,1,1,2,0,0,5,2
12416,1606,1651,1651,184000,0,1,0,0,1,1,0,2,1,0,1,0,2,4,2,1,2,1,0,10,2
10029,1151,1164,2060,211000,0,1,1,0,1,1,1,1,1,0,1,1,3,4,2,1,2,0,0,8,1
13650,1052,1252,1920,172500,1,1,0,0,1,1,0,0,0,0,1,0,3,4,2,1,2,0,0,6,0
8520,968,968,968,100000,1,1,0,0,1,0,1,0,1,0,0,0,1,3,1,0,2,0,0,6,1
2117,756,769,1525,177000,1,1,0,0,1,1,0,1,0,0,0,1,2,2,0,1,2,0,0,5,1
7588,793,901,1802,200100,1,1,0,0,2,0,1,0,2,0,0,1,3,5,3,1,1,0,0,6,0
9060,0,1340,1340,120000,1,1,0,1,1,1,1,1,0,0,0,0,2,4,2,1,1,1,0,5,1
11426,1362,1362,2082,200000,1,1,0,0,2,1,0,0,0,0,0,1,2,3,1,0,2,1,0,5,2
7438,504,936,1252,127000,0,1,0,2,1,0,1,0,2,0,0,0,2,2,0,0,2,1,0,5,0
9947,1188,1217,1217,173000,0,1,2,0,2,1,1,0,0,0,1,0,2,3,1,0,2,1,0,5,3
10410,660,808,1656,135000,1,1,0,0,1,0,1,0,0,0,0,1,2,5,3,0,1,0,0,7,3
7018,1086,1224,1224,153337,1,0,0,1,1,1,0,2,1,0,1,1,1,4,2,2,2,1,0,5,3
4923,1593,1593,1593,286000,1,1,0,0,2,1,1,0,0,0,1,1,0,5,3,1,2,0,0,7,2
7472,725,725,1479,184000,0,1,2,0,2,1,1,1,2,0,1,1,3,3,1,0,2,0,0,5,1
9017,1431,1431,1431,192000,0,1,0,0,2,1,0,0,0,0,1,0,2,3,1,0,2,0,0,8,3
2522,970,970,1709,130000,1,1,0,0,2,1,0,2,0,0,0,0,2,4,2,0,2,0,0,4,0
7180,864,864,864,127000,0,1,0,0,1,1,0,0,1,0,0,0,2,2,0,0,1,0,0,4,2
2280,855,855,1456,148500,1,1,3,0,1,1,0,0,1,0,0,1,2,4,2,1,2,1,0,6,3
9416,1726,1726,1726,311872,1,1,0,0,2,1,0,2,0,0,1,0,2,5,3,1,3,1,0,8,1
5520,755,929,2229,104000,1,1,1,0,1,0,1,0,0,0,0,0,3,3,1,0,0,0,0,6,3
9591,1713,1713,1713,274900,1,1,0,0,2,1,1,1,0,0,1,0,2,4,2,1,3,0,0,0,3
8546,1121,1121,1121,140000,1,1,1,0,1,1,1,0,0,0,0,0,1,3,1,0,2,1,0,2,4
10125,1196,1279,1279,171500,1,1,0,0,1,1,0,0,1,0,1,0,2,3,1,2,2,1,0,1,2
7000,617,865,1310,112000,1,1,1,1,1,0,1,0,2,0,0,0,1,4,2,0,1,0,0,4,0
4438,848,848,848,149000,1,1,0,0,1,1,0,1,0,0,1,0,0,2,0,1,2,1,0,0,2
3500,720,720,1284,110000,1,1,0,0,1,1,1,0,1,0,0,1,1,3,1,0,1,0,0,3,3
11851,1424,1442,1442,180500,1,1,1,0,2,1,0,0,0,0,0,0,2,2,0,0,2,0,0,4,3
13673,1140,1696,1696,143900,0,1,2,2,1,1,0,0,1,0,0,1,2,5,3,1,1,0,0,2,1
12493,1100,1100,1100,141000,0,1,0,0,1,1,0,0,1,0,1,0,2,3,1,1,1,1,0,3,2
14364,1157,1180,2062,277000,0,0,0,0,2,1,1,1,0,0,1,1,2,4,2,1,2,1,0,3,1
8250,1092,1092,1092,145000,1,1,0,0,1,1,0,2,0,0,1,0,2,3,1,0,2,0,0,6,2
5604,864,864,864,98000,1,1,0,0,1,0,1,0,1,1,1,0,1,3,1,0,0,0,0,3,2
10420,1212,1212,1212,186000,1,1,1,0,1,1,0,0,0,0,0,0,2,3,1,0,2,1,0,2,4
8640,900,932,1852,252678,1,1,0,0,2,1,0,0,0,0,1,1,2,4,2,1,2,1,0,6,3
13568,990,990,990,156000,0,1,2,0,1,1,0,0,0,0,1,0,2,2,0,0,2,1,0,6,0
10900,689,689,1392,161750,0,1,3,0,1,1,0,1,0,0,0,1,2,3,1,0,1,0,0,2,4
10011,1070,1236,1236,134450,0,1,0,0,1,1,1,1,1,0,1,0,1,4,2,1,1,0,0,4,0
8450,1436,1436,1436,210000,1,1,0,0,2,1,0,1,0,0,1,0,2,5,3,0,2,1,0,3,2
9906,686,810,1328,107000,1,1,0,0,1,0,1,0,3,0,0,0,2,5,3,0,1,0,0,8,0
15660,798,1137,1954,311500,0,1,1,0,2,0,1,1,0,0,1,1,2,5,3,2,2,0,0,4,2
3010,1248,1248,1248,167240,1,1,0,0,2,1,1,1,0,0,0,0,1,3,1,0,2,1,0,2,0
8990,1498,1498,1498,204900,0,1,0,0,2,1,0,0,0,0,0,0,1,3,1,0,2,1,0,3,0
8068,1010,1010,2267,200000,0,1,0,0,1,1,0,0,0,0,0,1,3,4,2,1,2,1,0,11,3
11475,713,811,1552,179900,1,1,0,2,1,1,0,0,1,0,1,1,2,3,1,1,2,1,0,1,0
10500,864,864,864,97000,1,1,3,0,1,1,0,0,2,0,0,0,1,2,0,0,2,1,0,2,3
1680,630,630,1302,112000,1,1,0,0,1,1,0,1,1,0,0,1,2,3,1,0,1,0,0,4,3
1869,483,483,987,106000,1,1,0,0,1,1,0,1,1,0,0,1,1,3,1,0,1,0,0,8,2
8521,912,912,912,125000,1,1,3,1,1,1,0,0,1,0,0,0,2,2,0,1,1,0,0,4,4
3182,1373,1555,1555,192500,1,1,0,0,2,1,1,1,0,0,0,0,1,5,3,1,2,1,0,4,3
8760,1194,1194,1194,148000,1,1,0,0,1,1,0,1,1,0,1,0,2,3,1,0,1,0,0,3,4
1680,483,483,987,94500,1,1,0,0,1,1,0,1,1,0,0,1,1,3,1,1,1,0,0,5,0
10650,894,894,894,128200,1,1,1,0,1,1,0,0,1,0,1,0,2,2,0,0,1,1,0,1,4
7851,860,860,1960,216500,1,1,0,0,1,1,0,0,0,0,1,1,3,4,2,2,2,1,0,4,4
1680,483,483,987,89500,1,1,0,0,1,1,0,1,1,0,0,1,1,3,1,0,1,0,0,7,2
8773,1414,1414,1414,185500,1,1,3,0,2,1,0,1,0,0,0,0,2,3,1,0,2,1,0,4,4
9453,996,1014,1744,194500,0,1,2,2,2,1,1,0,0,0,0,1,2,4,2,0,2,1,0,1,4
12030,1694,1694,1694,318000,1,1,0,0,2,1,0,1,0,0,0,0,2,4,2,0,3,1,0,11,1
8741,735,798,1487,113000,1,1,0,0,1,0,1,0,1,1,0,1,2,4,2,1,1,0,0,3,4
9000,1566,1566,1566,262500,1,1,0,0,2,1,0,2,0,0,1,0,2,4,2,0,2,1,0,3,4
3880,686,866,866,110500,1,1,0,0,1,0,1,0,2,0,0,0,1,2,0,0,0,1,0,7,1
5000,540,889,1440,79000,1,1,1,0,1,0,1,0,2,1,0,0,2,3,1,0,1,0,0,3,0
10762,626,626,1217,120000,1,1,1,0,1,1,0,0,1,0,0,1,2,3,1,1,1,0,0,3,3
8880,948,1222,2110,205000,0,1,0,0,2,1,1,0,0,0,1,1,2,5,3,2,2,0,0,4,4
9142,1020,908,1928,137000,1,1,0,0,1,0,1,0,2,1,0,0,3,5,3,0,1,0,0,3,0
11310,1367,1375,1375,140000,1,1,0,0,1,1,0,0,0,0,0,0,1,3,1,1,2,0,0,5,0
11317,840,840,1668,180000,1,1,0,0,2,1,0,1,0,0,0,1,2,5,3,0,2,1,0,8,1
5350,728,1306,1306,76500,0,1,0,0,1,0,1,0,0,0,0,0,2,3,1,0,0,1,0,4,4
4750,1573,1625,1625,235000,0,0,0,0,2,1,1,2,0,0,1,0,1,3,1,1,2,1,0,11,1
8366,798,798,1640,173000,0,1,0,0,1,1,0,0,0,0,0,1,2,3,1,0,2,1,0,11,2
9350,1302,1302,1302,158000,1,1,0,0,1,1,1,1,0,0,1,0,2,4,2,0,1,1,0,9,1
8400,1314,1314,1314,145000,1,1,0,0,1,1,0,0,1,0,1,0,2,2,0,0,1,1,0,5,4
8738,975,1005,2291,230000,0,1,0,0,2,1,0,1,0,0,0,1,3,4,2,1,2,1,0,1,0
8791,864,864,1728,207500,0,1,0,0,1,1,0,0,0,0,0,1,2,4,2,0,2,1,0,4,2
8814,1604,1604,1604,220000,1,1,0,0,2,1,0,2,0,0,1,1,2,5,3,1,2,1,0,2,3
12435,963,963,1792,231500,1,1,0,0,2,1,0,1,0,0,0,1,2,4,2,1,2,0,0,4,2
12702,0,882,882,97000,1,1,0,0,1,1,0,0,2,1,0,0,1,2,0,0,1,0,0,11,2
8471,506,1212,1212,151000,0,1,1,0,1,1,1,1,1,0,1,0,2,3,1,1,2,1,0,6,0
5500,926,926,1316,130000,1,1,1,0,1,0,1,0,1,0,1,0,2,3,1,0,2,0,0,3,4
5232,680,764,764,73000,0,0,0,1,1,0,1,0,2,1,0,0,1,2,0,0,2,0,0,5,2
12090,1422,1422,1422,175500,0,1,0,0,1,1,0,1,1,0,0,0,2,4,2,1,2,1,0,5,2
11207,802,802,1511,185000,0,0,3,0,1,1,0,0,2,0,1,1,2,5,3,1,2,1,0,5,0
8400,720,1052,2192,179500,1,0,0,0,1,0,1,0,0,0,0,1,3,4,2,1,1,1,0,6,2
6900,740,778,778,120500,1,1,0,0,1,0,1,0,0,0,0,0,1,2,0,1,1,0,0,1,2
7917,1143,1113,1113,148000,0,1,1,0,1,1,0,1,1,0,1,1,2,3,1,1,1,1,0,4,1
10728,1095,1095,1939,266000,1,1,0,0,2,1,0,0,2,0,0,1,2,5,3,1,3,1,0,7,0
11764,1152,1164,2270,290000,0,1,2,0,2,1,1,1,0,0,0,1,3,5,3,1,3,1,0,3,4
9600,1240,1632,1632,139000,1,1,0,1,1,1,1,1,2,0,1,0,2,3,1,1,1,1,0,3,3
8314,816,816,816,124500,1,1,1,0,1,1,0,0,1,0,0,0,1,3,1,0,1,1,0,5,1
7264,952,952,1548,205000,1,1,0,0,2,0,1,0,2,0,0,1,2,2,0,0,2,1,0,9,3
9196,1560,1560,1560,201000,0,1,0,0,2,1,0,0,0,0,0,0,2,4,2,0,2,1,0,3,4
10005,1160,1156,2022,192000,1,1,0,0,2,1,0,1,0,0,0,1,3,4,2,1,2,1,0,2,2
11287,807,1175,1982,228500,1,1,0,0,2,1,0,1,2,0,0,1,2,4,2,1,2,0,0,0,1
7200,1262,1262,1262,185000,1,1,0,0,1,1,0,2,2,0,0,0,1,3,1,0,2,0,0,4,0
5063,1314,1314,1314,207500,1,1,0,0,2,1,1,2,0,0,1,0,1,4,2,1,2,1,0,3,3
9612,1468,1468,1468,244600,1,1,0,1,2,1,1,2,0,0,0,0,2,3,1,1,3,1,0,11,3
8012,1575,1575,1575,179200,1,1,0,0,1,1,0,0,2,0,1,0,1,3,1,0,2,0,0,6,1
4251,625,625,1250,164700,0,1,0,0,2,1,1,0,0,0,0,1,1,3,1,0,2,0,0,5,1
9786,912,1085,1734,159000,0,0,0,0,1,1,1,0,1,0,0,1,2,4,2,1,2,0,0,5,0
8125,858,858,858,88000,0,1,1,0,1,1,0,0,1,0,0,0,2,2,0,0,0,0,0,5,0
9819,882,900,900,122000,0,1,0,0,1,1,0,1,1,0,0,0,2,2,0,0,1,0,0,1,4
8730,698,698,1396,153575,1,1,0,2,1,0,1,0,0,1,0,0,2,4,2,0,1,0,0,6,1
15611,1079,1079,1919,233230,1,1,0,0,2,1,0,0,0,0,0,1,2,5,3,1,2,0,0,6,0
5687,780,936,1716,135900,1,0,0,0,1,0,1,0,0,0,1,0,3,3,1,0,0,0,0,2,2
11409,768,1148,1716,131000,1,1,0,0,1,1,1,0,2,0,0,1,2,5,3,1,1,0,0,0,3
16659,795,1468,2263,235000,0,1,1,3,2,1,1,1,3,0,1,1,2,6,4,1,2,0,0,2,0
9600,1416,1644,1644,167000,1,1,0,0,1,1,0,2,1,0,1,0,2,4,2,2,2,1,0,9,3
7937,1003,1003,1003,142500,0,1,2,0,1,1,0,0,1,0,1,0,2,3,1,0,2,1,0,2,0
13710,910,910,1558,152000,1,1,0,0,1,1,0,0,1,1,0,1,3,2,0,0,1,1,0,5,1
7399,975,975,1950,239000,0,1,0,0,2,1,1,1,0,0,0,1,2,4,2,1,2,0,0,5,1
11700,702,1041,1743,175000,1,1,0,0,1,1,0,1,2,0,1,1,2,4,2,1,2,1,0,5,1
14000,1092,1152,1152,158500,1,1,0,0,1,1,1,0,0,0,1,0,2,3,1,1,1,0,0,7,3
15750,1165,1336,1336,157000,1,1,1,0,1,1,0,1,1,0,1,0,1,3,1,2,1,0,0,5,0
16226,1028,1210,2452,267000,0,1,0,0,2,1,1,0,0,0,0,1,3,5,3,1,2,1,0,4,1
13704,1541,1541,1541,205000,0,1,1,0,2,1,1,1,0,0,0,0,2,3,1,1,3,1,0,0,0
9800,894,894,894,149900,1,1,1,0,1,1,0,0,1,0,1,0,2,2,0,0,2,1,0,6,0
13474,700,1122,2243,225000,1,1,0,1,2,1,1,1,2,0,1,1,3,4,2,1,3,1,0,5,1
7920,319,1035,1406,89500,0,1,0,1,1,0,1,0,1,1,0,0,2,3,1,0,0,0,0,2,2
12342,861,861,861,82500,0,1,0,0,1,0,1,0,0,0,0,0,0,3,1,0,2,1,0,2,3
7685,697,697,1501,165600,0,1,0,0,1,1,1,1,2,0,0,1,2,3,1,1,2,1,0,4,0
8000,972,972,972,132000,1,1,0,0,1,1,1,0,0,0,1,0,1,3,1,1,1,0,0,4,3
7800,793,793,1118,119900,1,1,0,1,1,0,1,0,1,0,1,0,2,2,0,1,2,0,0,4,0
9600,728,832,1641,178000,1,1,0,0,2,0,1,0,0,0,1,1,2,3,1,1,2,0,0,7,0
7795,716,716,1432,188500,0,1,0,0,2,1,1,0,0,0,1,1,2,3,1,1,2,1,0,6,3
13005,845,1153,2353,260000,0,1,1,0,2,1,0,1,1,0,1,1,3,6,4,1,2,1,0,7,3
9000,1088,1088,1959,270000,1,1,0,0,2,1,0,0,0,0,0,1,2,5,3,1,3,1,0,11,1
14115,1372,1472,1472,187500,1,1,0,0,2,1,0,1,1,0,1,0,2,3,1,2,2,1,0,5,3
5820,1162,1163,1163,126175,1,1,0,0,1,1,1,0,0,0,1,0,2,3,1,0,1,1,0,6,0
5000,720,803,803,87000,1,1,0,2,1,0,1,0,3,1,0,0,1,3,1,0,2,0,0,11,1
10846,1719,1719,1719,324000,0,1,2,0,2,1,0,0,0,0,1,1,0,5,3,2,2,1,0,4,2
11600,1383,1383,1383,145250,1,1,0,0,1,1,0,1,1,0,0,1,2,4,2,0,1,0,0,3,0
11888,844,1445,2134,214500,0,0,0,3,1,0,1,0,2,1,0,0,3,5,3,0,2,0,0,6,3
6402,596,596,1192,78000,1,1,1,0,1,0,1,0,1,0,0,0,2,3,1,0,1,0,0,6,3
10624,1728,1728,1728,119000,0,1,0,0,1,1,0,1,1,0,1,0,3,4,2,0,1,1,0,10,1
8176,1056,1056,1056,139000,1,1,0,0,1,1,1,0,3,0,1,0,2,3,1,0,1,0,0,7,1
8198,1358,1358,1358,207000,1,1,3,0,2,1,0,2,0,0,1,0,1,4,2,1,2,1,0,6,2
9042,943,943,1638,192000,0,1,0,0,1,1,0,0,2,0,1,1,2,4,2,2,2,1,0,6,2
9135,1536,1536,1536,214000,1,1,0,0,2,1,1,1,0,0,1,0,2,4,2,0,2,1,0,11,2
14145,1208,1621,1621,202500,1,1,1,0,2,1,1,0,0,0,1,0,2,5,3,0,2,1,0,4,0
12400,1215,1215,1215,155000,0,1,0,1,1,1,1,1,1,1,0,0,2,3,1,0,1,0,0,5,3
14191,967,993,1908,202900,1,1,0,0,2,1,0,0,0,0,0,1,3,5,3,0,2,1,0,3,4
8400,721,841,841,82000,1,1,0,1,1,1,0,0,2,0,0,0,1,2,0,0,1,1,0,8,3
8544,0,1040,1040,87500,1,1,0,0,1,1,1,1,3,1,0,0,1,4,2,0,2,0,0,4,0
8849,1684,1684,1684,266000,0,1,0,0,2,1,0,1,0,0,0,0,1,4,2,1,2,1,0,6,2
2592,536,536,1112,85000,1,1,0,0,1,1,0,0,1,0,0,1,2,1,0,0,1,1,0,3,4
6435,972,972,1577,140200,1,1,0,2,1,0,1,0,2,0,0,0,2,3,1,1,1,0,0,9,0
12772,958,958,958,151500,0,1,2,0,1,1,1,0,1,0,0,0,1,3,1,0,1,0,0,3,1
2448,764,764,1626,154000,1,1,0,0,2,1,1,2,0,0,1,1,1,4,2,0,2,0,0,9,2
5271,1453,1453,1453,190000,0,0,0,0,2,1,0,0,2,0,1,1,1,4,2,1,2,0,0,11,0
9084,616,616,1111,95000,1,1,0,1,1,0,1,0,1,0,1,0,2,2,0,0,1,1,0,2,2
8520,624,720,720,105900,1,1,0,0,1,0,1,0,2,0,0,0,1,3,1,0,2,1,0,4,4
8400,940,1192,1595,140000,1,0,0,0,1,0,1,0,0,0,0,0,1,4,2,2,1,0,0,5,0
11249,1200,1200,1200,177500,0,1,0,0,1,1,0,0,0,0,1,0,2,3,1,0,2,0,0,7,1
9248,1158,1167,1167,173000,0,1,0,0,1,1,0,1,2,0,1,0,2,3,1,0,2,1,0,6,3
4224,1142,1142,1142,134000,1,1,0,0,1,1,0,0,1,0,1,1,2,3,1,1,2,1,0,7,1
6930,1062,1352,1352,130000,0,1,0,0,1,1,0,1,0,1,1,0,2,3,1,0,1,1,0,6,0
12011,1086,1086,1924,280000,0,1,2,0,2,1,0,1,0,0,1,1,2,4,2,1,2,1,0,5,0
7540,888,912,912,156000,0,1,2,0,1,1,0,0,0,0,1,0,1,3,1,1,2,0,0,5,1
9144,883,988,1505,145000,1,1,0,0,1,0,1,0,2,0,1,0,2,5,3,0,1,0,0,6,2
7301,0,495,1922,198500,1,1,1,0,2,1,0,1,0,0,0,0,3,3,1,1,2,0,0,6,3
1680,483,483,987,118000,1,1,0,0,1,1,1,1,2,0,0,1,1,3,1,0,1,1,0,4,3
10690,672,672,1344,147000,1,1,0,0,1,0,1,0,2,1,0,0,2,3,1,0,1,0,0,6,3
9500,1394,1394,1394,159000,0,1,0,0,1,1,0,1,2,0,1,1,2,3,1,2,2,0,0,6,3
9150,1099,1431,1431,165000,0,1,1,0,1,1,0,1,2,0,1,0,2,3,1,1,1,1,0,11,2
7800,1268,1268,1268,132000,1,1,0,0,1,1,0,1,2,0,0,0,1,5,3,1,1,0,0,2,4
9830,1063,1287,1287,162000,0,1,1,0,1,1,1,0,0,0,1,0,2,4,2,1,2,1,0,2,4
8121,953,953,1664,172400,0,1,0,0,1,1,0,0,0,0,0,1,2,4,2,1,2,1,0,0,0
17120,0,1120,1588,134432,1,1,0,1,1,1,0,0,1,0,0,0,3,3,1,1,2,0,0,6,2
7175,744,752,752,125000,1,1,0,0,1,1,0,0,1,0,1,0,1,2,0,0,1,1,0,1,4
10634,608,1319,1319,123000,1,1,0,0,1,1,0,0,1,0,1,0,2,2,0,0,1,1,0,10,3
8200,847,847,1928,219500,1,1,0,0,2,1,1,0,0,0,0,1,3,4,2,1,2,1,0,6,1
10020,683,904,904,61000,0,0,0,0,1,0,1,0,2,1,1,1,0,3,1,0,0,0,0,2,3
8846,870,914,914,148000,0,1,2,0,1,1,0,0,0,0,0,0,1,3,1,0,2,0,0,6,0
8123,982,1007,1800,179000,0,1,0,2,1,1,0,1,0,0,0,1,2,4,2,1,2,1,0,5,3
5000,1026,1026,1691,127000,1,1,0,0,1,0,1,0,1,0,0,0,2,3,1,1,1,0,0,4,4
7200,1293,1301,1301,187750,1,1,0,0,2,1,0,0,0,0,1,0,1,3,1,1,2,1,0,7,0
9245,939,939,1797,213500,0,1,0,0,2,1,0,0,0,0,0,1,2,5,3,0,2,1,0,3,1
9000,784,784,784,76000,1,1,1,0,1,0,1,0,1,1,0,0,1,3,1,0,2,0,0,9,3
3182,1256,1269,1269,192000,1,1,0,0,2,1,1,1,0,0,0,0,1,4,2,1,2,1,0,3,4
8410,658,658,1184,81000,1,1,3,1,1,0,1,0,1,0,0,0,3,3,1,0,0,0,0,4,0
7200,1041,1125,1125,125000,1,1,0,0,1,1,0,1,0,0,1,0,2,3,1,1,1,1,0,9,3
9382,1468,1479,1479,191000,0,1,2,0,2,1,1,1,0,0,0,0,2,3,1,0,2,1,0,6,2
8405,861,961,1367,119000,1,1,0,0,1,0,1,0,0,0,1,0,3,3,1,0,1,0,0,3,2
12209,804,804,1961,215000,0,1,2,0,1,1,1,0,0,0,1,1,2,4,2,1,2,1,0,5,3
8339,0,882,882,106500,0,1,0,0,1,1,0,0,1,0,0,0,2,2,0,0,1,0,0,6,1
7446,788,788,788,100000,1,1,1,1,1,0,1,0,1,1,0,0,1,2,0,2,0,0,0,3,0
10134,735,735,1034,109000,1,1,0,0,1,0,1,0,2,1,0,0,1,3,1,0,1,0,0,6,1
9571,1144,1144,1144,129000,1,1,0,0,1,1,0,0,1,0,1,0,2,3,1,0,1,1,0,5,4
7200,894,894,894,123000,1,0,0,0,1,1,0,0,1,0,0,0,1,4,2,0,2,1,0,8,3
7590,864,876,1812,169500,1,1,0,3,1,1,0,1,1,0,0,0,3,4,2,1,1,0,0,6,1
8967,961,1077,1077,67000,1,1,1,0,1,0,1,0,2,1,0,0,1,4,2,0,1,0,0,10,1
8125,1092,1112,1550,241000,1,1,0,0,2,1,1,2,0,0,1,0,1,5,3,0,2,0,0,9,3
14963,1260,1288,1288,245500,0,1,0,0,2,1,0,0,0,0,1,1,0,3,1,2,2,1,0,11,2
8767,1310,1310,1310,164990,0,1,0,0,2,1,0,0,0,0,0,0,2,3,1,1,2,0,0,6,0
10200,672,672,672,108000,1,1,0,0,1,0,1,0,0,0,0,0,1,2,0,0,1,1,0,7,2
12090,1141,1165,2263,258000,1,1,1,0,2,1,0,1,2,0,0,1,3,6,4,1,2,1,0,6,0
10364,806,806,1572,168000,0,1,0,0,1,1,1,0,2,0,0,1,2,4,2,1,2,0,0,4,1
9991,1281,1620,1620,150000,0,1,1,1,1,1,1,0,0,0,1,0,2,5,3,1,2,1,0,5,3
10480,1064,1166,1639,115000,1,1,0,0,1,0,1,0,0,1,0,0,2,3,1,0,1,0,0,2,2
15576,840,840,1680,177000,1,1,0,0,1,0,1,0,0,0,0,0,3,4,2,0,1,0,0,2,2
14154,1063,1071,2172,280000,1,1,1,0,2,1,0,1,0,0,0,1,2,6,4,1,3,1,0,7,1
9571,1276,1276,1276,60000,1,1,0,0,1,1,0,0,1,1,0,0,2,2,0,0,1,0,0,5,3
4403,1470,1478,1478,222000,0,1,0,0,2,1,0,2,0,0,1,1,1,5,3,1,2,0,0,5,4
8960,1008,1028,1028,115000,1,1,0,1,1,0,1,0,2,1,0,0,1,3,1,1,2,0,0,2,4
11228,1080,1080,2097,228000,0,1,2,0,2,1,0,0,0,0,1,1,2,6,4,1,3,1,0,11,2
8899,1340,1340,1340,181134,0,1,0,0,2,1,0,0,0,0,0,0,2,3,1,0,2,1,0,7,1
7844,672,672,1400,149500,1,1,0,0,1,1,0,1,1,0,0,1,2,3,1,1,2,0,0,2,0
8160,756,756,1134,126000,1,1,0,0,1,0,1,0,3,1,1,1,2,4,2,0,1,0,0,3,1
8450,1056,1056,1056,142000,1,1,0,0,1,1,0,0,0,0,1,0,2,3,1,1,1,0,0,6,4
7060,1344,1344,1344,206300,1,1,0,0,2,1,1,1,0,0,1,0,1,6,4,0,3,0,0,10,2
16635,1602,1602,1602,215000,0,1,3,0,1,1,1,2,2,0,1,0,2,5,3,1,2,1,0,5,3
9000,1196,1196,1196,139000,1,1,0,0,1,1,0,1,2,1,1,0,1,4,2,1,1,0,0,4,2
3378,651,707,1389,135000,1,0,0,0,2,1,1,0,2,0,0,1,2,3,1,2,1,0,0,8,3
12800,1518,1644,1644,275000,1,0,0,0,2,1,0,1,2,0,1,0,1,3,1,1,2,1,0,7,3
8593,907,907,907,109008,0,1,0,0,1,1,0,0,0,0,0,0,2,2,0,0,1,0,0,6,2
6762,1208,1208,1208,195400,1,1,0,0,2,1,0,1,0,0,1,0,1,4,2,0,2,1,0,8,1
11457,1392,1412,1412,175000,0,1,1,0,1,1,0,0,1,0,1,0,2,3,1,1,2,0,0,2,3
1680,483,483,987,85400,1,1,0,0,1,1,0,1,1,0,0,1,1,2,0,0,1,0,0,6,2
5586,901,1088,1198,79900,0,0,0,1,1,0,1,0,2,0,0,0,3,3,1,0,0,0,0,8,2
1920,765,765,1365,122500,1,1,0,0,1,1,0,1,0,0,1,1,1,4,2,0,2,1,0,7,1
10839,926,926,1604,181000,0,1,1,0,1,1,1,0,0,0,0,1,2,4,2,1,2,0,0,6,2
1890,630,630,630,81000,1,1,0,0,1,1,0,0,2,0,1,0,0,2,0,0,0,1,0,5,2
10667,799,827,1661,212000,0,1,2,3,2,1,0,0,0,0,1,1,2,3,1,1,2,1,0,3,3
4400,648,734,1118,116000,1,1,0,0,1,0,1,0,1,1,0,0,1,4,2,0,2,0,0,9,0
6000,884,904,904,119000,1,1,0,0,1,0,1,0,2,0,0,0,1,2,0,0,1,0,0,0,3
4280,440,694,694,90350,1,1,0,0,1,0,1,0,1,0,0,0,1,2,0,1,1,0,0,2,1
12354,684,684,1196,110000,1,1,1,0,1,0,1,0,2,0,0,0,2,4,2,0,2,0,0,7,3
12108,1440,1440,1440,118000,1,1,0,0,1,1,0,1,1,1,0,0,3,4,2,0,0,0,0,8,2
6240,1078,1128,1573,162900,1,1,0,0,1,0,1,0,1,0,0,0,2,5,3,1,2,0,0,5,2
3922,1258,1258,1258,172500,1,1,0,0,2,1,1,1,0,0,0,0,1,4,2,1,3,1,0,5,1
8750,915,933,1908,210000,1,1,0,0,2,1,1,0,0,0,1,1,3,4,2,1,2,1,0,6,2
9855,1436,1689,1689,127500,1,1,1,0,1,1,0,0,3,0,0,0,2,4,2,1,2,0,0,10,3
11214,930,956,1886,199900,0,1,1,0,2,1,1,0,2,0,0,1,3,6,4,1,2,1,0,6,0
8600,780,780,1376,119500,1,0,0,0,1,0,1,0,1,0,0,0,2,4,2,1,1,0,0,5,0
6000,649,679,1183,120000,1,1,0,0,1,1,1,0,0,0,0,1,1,4,2,0,1,0,0,5,1
5684,813,813,813,110000,1,1,0,0,1,0,1,0,0,1,0,0,1,3,1,0,1,0,0,5,0
9303,872,888,1756,204000,0,1,1,0,1,1,1,1,0,0,1,1,2,4,2,0,2,1,0,6,1
9000,768,786,1590,210000,1,1,0,0,2,1,0,0,0,0,0,1,2,3,1,0,2,0,0,5,3
9297,1728,1728,1728,188000,1,1,0,0,1,1,0,0,1,0,1,0,3,4,2,0,2,0,0,6,0
9600,1242,1242,1242,175500,1,1,0,0,2,1,0,1,3,0,0,1,2,3,1,1,2,0,0,8,1
4571,624,624,1344,98000,1,1,0,0,1,0,1,0,3,0,0,0,3,3,1,0,3,0,0,4,2
5100,588,833,1666,161000,1,1,0,0,2,0,1,0,3,0,0,0,2,4,2,1,1,1,0,5,2
7015,709,979,1203,110000,0,0,1,0,1,1,0,1,1,0,1,0,2,2,0,1,1,0,0,6,3
8004,832,832,1935,263435,0,1,0,2,2,1,0,2,0,0,1,1,2,5,3,0,2,0,0,11,3
7200,560,575,1135,155000,1,1,0,1,2,0,1,0,0,0,1,0,2,3,1,0,2,1,0,3,3
8281,864,864,864,62383,0,1,0,0,1,1,0,0,2,0,0,0,2,2,0,1,1,0,0,11,3
11988,715,849,1660,188700,0,0,0,0,1,0,1,0,3,1,0,1,2,3,1,1,1,0,0,7,2
8430,1040,1040,1040,124000,1,0,0,0,1,1,0,1,1,0,0,0,2,2,0,0,0,0,0,7,3
3072,1375,1414,1414,178740,1,1,0,0,2,1,0,1,0,0,0,0,1,4,2,1,2,1,0,4,0
10628,1277,1277,1277,167000,1,1,0,0,2,1,0,0,1,0,1,0,1,3,1,1,2,0,0,3,1
9480,728,888,1644,146500,1,1,0,1,1,0,1,2,0,0,0,1,2,4,2,2,1,1,0,5,1
11428,1626,1634,1634,250000,0,1,0,0,2,1,0,2,0,0,0,0,2,4,2,1,3,0,0,4,1
9291,832,832,1710,187000,0,1,1,2,1,1,0,1,0,0,0,1,2,4,2,0,2,1,0,5,2
6820,1488,1502,1502,212000,0,1,1,0,2,1,0,0,1,0,1,1,0,3,1,0,2,0,0,5,4
11952,808,1161,1969,190000,1,1,0,3,2,1,0,0,1,0,0,1,2,5,3,1,2,0,0,10,1
3675,547,1072,1072,148000,1,1,0,0,1,1,0,1,0,0,1,0,1,3,1,0,2,0,0,5,2
5330,1494,1652,1652,251000,1,1,0,0,2,1,0,0,0,0,1,0,1,4,2,0,2,1,0,7,1
8480,970,970,970,132500,1,1,1,0,1,1,0,0,1,0,1,0,1,3,1,0,2,0,0,6,1
13125,1478,1493,1493,208900,1,1,0,0,1,1,1,1,0,0,1,0,2,4,2,1,2,1,0,3,2
10637,1705,1718,1718,297000,1,1,0,0,2,1,1,2,0,0,1,0,2,4,2,1,3,1,0,8,3
5925,907,1131,1131,89471,1,0,0,0,1,0,1,1,1,0,0,0,1,5,3,0,2,0,0,2,1
2500,910,916,1826,155000,1,1,1,0,2,0,1,0,0,0,1,1,3,3,1,1,1,0,0,5,3
4500,1216,1216,1216,164000,1,1,3,0,1,1,0,1,0,0,1,0,1,3,1,0,2,0,0,4,0
7758,999,999,999,132500,0,1,1,0,1,1,1,0,2,0,1,0,2,3,1,0,1,0,0,2,1
9600,1113,1113,1113,147000,1,1,0,0,1,1,1,0,2,0,0,0,2,2,0,1,1,0,0,6,3
10289,1073,1073,1073,156000,1,1,0,0,1,1,0,1,1,0,1,1,2,3,1,0,2,0,0,5,1
12243,1484,1484,1484,175000,0,1,0,0,1,1,0,0,2,0,0,0,2,4,2,1,2,1,0,1,1
10800,954,1766,2414,160000,1,1,1,0,1,0,1,0,1,1,0,0,2,7,4,1,2,1,0,4,0
1526,630,630,630,86000,1,1,0,0,1,1,1,0,1,0,1,0,0,2,0,0,1,0,0,4,3
2665,264,616,1304,115000,1,1,0,0,1,1,0,0,1,0,0,1,2,1,0,1,1,1,0,5,2
9490,806,958,1578,133000,1,1,0,1,1,0,1,0,1,1,1,0,2,2,0,2,1,0,0,7,0
15578,728,728,1456,172785,0,1,1,0,1,1,0,0,2,0,0,1,2,5,3,0,2,0,0,4,0
7931,1269,1269,1269,155000,1,1,0,0,1,1,0,0,1,1,0,1,2,3,1,1,1,0,0,5,2
5784,190,886,886,91300,1,1,0,1,1,0,1,0,2,1,0,0,1,2,0,0,1,1,0,11,3
7879,720,720,720,34900,1,1,0,0,1,0,1,0,1,1,0,0,1,2,0,0,0,0,0,10,3
9120,1026,1133,1820,184000,1,1,0,0,2,0,1,0,0,0,1,0,3,4,2,0,1,0,0,5,2
7800,864,899,899,130000,1,1,0,0,1,1,1,1,0,0,0,0,2,2,0,0,1,1,0,5,3
7535,912,912,912,120000,0,1,0,0,1,1,1,0,3,0,1,0,1,3,1,0,1,1,0,5,1
1890,672,672,1218,113000,1,1,0,0,1,1,0,1,1,0,0,1,2,4,2,0,1,1,0,4,1
9803,866,866,1768,226700,1,1,0,0,2,1,0,0,2,0,0,1,2,4,2,0,2,0,0,1,2
9170,1214,1214,1214,140000,1,1,1,1,1,1,0,0,0,0,1,0,1,4,2,0,2,0,0,3,1
15602,1501,1801,1801,289000,0,1,0,0,2,1,1,0,1,0,1,0,0,5,3,2,2,0,0,2,4
2308,855,855,1322,147000,1,1,0,0,1,1,0,0,1,0,1,1,2,3,1,1,2,1,0,5,3
7596,960,960,1960,124500,1,1,0,1,1,1,0,1,2,0,0,0,3,6,4,0,2,0,0,6,3
9554,777,1065,1911,215000,0,1,0,0,2,1,1,1,0,0,0,1,2,5,3,1,2,1,0,8,0
7862,1218,1218,1218,208300,0,1,0,0,1,1,0,0,0,0,0,0,1,2,0,0,2,0,0,8,3
9600,689,689,1378,161000,1,1,0,0,2,0,1,0,0,0,0,0,2,4,2,1,2,0,0,9,2
9600,1041,1041,1041,124500,1,1,1,0,1,1,0,1,0,0,1,0,2,3,1,0,1,1,0,6,3
14559,1008,1363,1363,164900,1,1,0,0,1,1,1,1,0,0,1,0,1,4,2,2,1,1,0,5,3
6792,1368,1368,1368,202665,0,1,0,0,2,1,1,2,0,0,0,0,1,4,2,1,2,1,0,2,0
9100,864,864,864,129900,1,1,1,1,1,1,0,0,1,0,1,0,2,2,0,0,2,0,0,6,0
9187,1084,1080,1080,134000,1,0,1,0,1,1,0,0,1,0,0,1,2,2,0,0,2,1,0,5,1
10594,768,789,789,96500,1,1,0,0,1,0,1,0,3,0,0,0,1,3,1,0,1,0,0,5,1
10448,689,1378,2119,158000,0,1,1,0,1,1,0,1,1,0,0,1,2,4,2,1,2,0,0,7,3
10208,1264,1277,2344,265000,0,1,0,0,2,1,1,1,0,0,0,1,2,4,2,1,3,1,0,6,3
9531,794,882,1796,211000,0,1,2,0,1,1,0,0,0,0,1,1,2,4,2,0,2,0,0,4,1
10918,1276,1276,2080,234000,1,1,0,0,2,0,1,0,0,0,0,1,2,6,4,2,1,0,0,5,3
10800,0,694,1294,106250,1,1,0,0,1,0,1,0,1,1,0,0,2,4,2,0,0,1,0,7,2
11988,1244,1244,1244,150000,0,1,1,1,1,1,0,0,0,1,0,1,2,3,1,2,1,0,0,4,1
5000,1004,1004,1664,159000,1,1,1,1,1,1,1,0,0,0,0,0,2,4,2,2,2,0,0,9,0
11787,1379,1383,2398,315750,0,1,0,0,2,1,1,1,0,0,1,1,2,5,3,1,3,1,0,7,1
7500,1257,1266,1266,176000,1,1,0,0,2,1,0,0,0,0,0,0,2,3,1,1,2,1,0,3,0
13300,928,928,928,132000,1,1,0,0,1,1,1,0,1,0,0,0,1,2,0,0,1,1,0,5,1
9098,528,605,605,86000,0,1,0,0,1,0,1,0,0,0,1,0,1,3,1,0,0,0,0,6,1
10200,1461,1509,1509,175000,1,1,0,0,1,1,1,1,0,0,1,0,2,2,0,1,2,1,0,7,2
6155,611,751,1362,128000,0,1,3,2,1,0,1,0,0,0,0,0,2,3,1,0,2,0,0,5,2
7200,0,827,827,107500,1,1,0,0,1,1,1,0,0,0,0,0,1,3,1,1,1,0,0,3,4
5000,0,334,334,39300,1,0,0,0,1,1,1,0,3,1,0,0,0,1,0,0,0,0,0,0,1
9056,707,707,1414,178000,0,1,0,0,2,1,0,0,0,0,0,1,2,3,1,1,2,1,0,9,0
7000,1117,820,1347,107500,1,1,0,0,1,0,1,0,1,0,1,0,2,2,0,0,0,1,0,0,2
8924,880,880,1724,188000,0,1,2,0,2,1,1,0,0,0,0,1,2,5,3,0,2,1,0,6,2
12735,864,864,864,111250,0,1,3,0,1,1,0,0,1,0,0,0,2,2,0,0,2,1,0,3,2
11553,1051,1159,1159,158000,0,1,0,0,1,1,0,1,1,0,0,1,2,4,2,1,1,1,0,6,0
11423,1581,1601,1601,272000,1,1,0,0,2,1,1,1,0,0,1,0,2,3,1,1,2,1,0,4,4
11000,969,997,2285,248000,1,1,3,0,2,1,0,1,0,0,0,1,3,4,2,1,3,0,0,5,1
10140,1650,1680,1680,213250,1,1,0,2,2,1,1,0,0,0,1,0,2,4,2,1,2,1,0,5,3
4058,723,767,767,133000,1,1,0,0,2,1,0,1,0,0,1,0,0,3,1,0,1,1,0,5,1
17104,654,664,1496,179665,0,1,0,0,2,1,0,0,0,0,1,1,2,4,2,1,2,1,0,8,0
13837,1204,1377,2183,229000,0,1,1,0,2,1,0,1,2,0,0,1,3,5,3,0,3,0,0,1,0
8737,1065,915,1635,210000,0,0,0,0,1,0,1,0,0,1,0,1,2,3,1,1,2,0,0,4,1
7244,768,768,768,129500,1,1,0,0,1,1,0,0,0,0,1,0,1,3,1,0,2,1,0,3,1
8235,825,825,825,125000,0,0,0,1,1,1,1,0,1,0,1,0,1,2,0,0,2,1,0,5,2
9375,912,912,2094,263000,1,1,0,0,2,1,1,0,0,0,0,1,3,4,2,1,2,1,0,10,3
4043,1069,1069,1069,140000,1,1,0,0,1,1,0,0,1,0,0,0,1,2,0,0,2,0,0,9,2
6000,928,928,928,112500,1,1,0,0,1,1,0,0,2,1,0,0,2,2,0,0,1,0,0,5,2
11146,1709,1717,1717,255500,0,1,0,0,2,1,0,2,0,0,0,0,2,4,2,1,3,1,0,6,3
8777,0,1126,1126,108000,1,1,0,1,1,1,1,0,0,0,0,0,1,3,1,0,2,0,0,4,3
10625,998,1006,2046,284000,1,1,0,0,2,1,1,1,0,0,1,1,2,5,3,1,3,1,0,7,2
6380,993,1048,1048,113000,1,1,0,0,1,0,1,0,1,1,0,0,1,3,1,1,1,0,0,7,0
14850,1092,1092,1092,141000,0,1,0,0,1,1,0,0,1,1,1,0,1,4,2,1,1,1,0,4,0
11040,637,897,1336,108000,1,0,0,0,1,0,1,0,2,0,0,1,2,4,2,0,1,0,0,8,0
3196,1374,1557,1557,234000,1,1,0,0,2,1,1,1,0,0,0,0,1,5,3,1,2,1,0,9,0
11341,1392,1392,1392,121500,0,1,0,0,1,1,1,1,1,0,1,1,2,2,0,1,2,0,0,4,4
10010,1389,1389,1389,170000,1,1,0,0,1,1,1,0,2,0,1,0,1,4,2,1,2,1,0,3,0
13907,996,996,996,108000,1,1,0,0,1,0,1,0,0,0,1,0,2,3,1,1,0,1,0,6,2
13346,1095,1166,2295,268000,0,1,2,0,2,1,1,0,0,0,1,1,3,5,3,1,2,0,0,6,0
6858,806,841,1647,128000,1,0,1,0,1,0,1,0,1,1,1,1,3,2,0,0,1,0,0,4,4
10171,1517,1535,1535,214000,0,1,0,0,2,1,0,1,0,0,0,0,2,4,2,0,2,0,0,2,4
12327,1496,1496,2132,316600,0,0,0,0,2,1,1,0,0,0,1,1,0,4,2,1,2,1,0,8,3
7032,943,943,943,135960,0,1,1,0,1,1,0,0,1,0,1,0,1,2,0,2,2,1,0,11,0
13101,1728,1728,1728,142600,0,1,0,0,1,1,0,1,1,0,0,0,3,4,2,0,2,0,0,10,2
7332,864,864,864,120000,1,1,0,0,1,1,0,1,0,0,1,0,1,2,0,0,1,1,0,9,0
13159,846,846,1692,224500,0,0,1,0,2,1,0,0,2,0,0,1,2,3,1,0,2,1,0,6,3
9967,384,774,1430,170000,0,1,0,0,2,1,0,0,0,0,0,1,2,5,3,1,2,1,0,11,1
10500,372,576,1109,139000,1,1,3,0,1,1,1,1,1,0,1,0,2,2,0,0,1,1,0,11,1
8480,832,832,1216,118500,1,1,0,0,1,1,1,0,1,0,0,0,1,4,2,0,1,1,0,9,2
6292,861,877,1477,145000,1,1,0,0,2,0,1,0,2,0,1,0,2,3,1,1,1,0,0,7,3
11777,1164,1320,1320,164500,0,1,0,0,1,1,0,1,0,0,1,0,2,3,1,2,2,1,0,4,0
3604,689,703,1392,146000,1,1,1,0,2,1,0,0,0,0,0,0,1,3,1,0,2,0,0,1,2
12150,1050,1050,1795,131500,1,1,0,0,1,1,0,1,0,1,0,0,3,3,1,0,1,0,0,10,2
14585,1144,1429,1429,181900,0,1,2,0,1,1,1,1,0,0,1,0,2,4,2,2,2,1,0,5,1
11841,816,816,816,118500,1,1,0,0,1,1,0,1,1,0,1,0,2,2,0,0,0,0,0,4,1
6120,884,989,1573,133000,1,1,0,0,1,0,1,0,0,0,0,0,2,3,1,0,1,0,0,6,3
10267,816,838,838,130000,1,1,0,2,1,0,1,0,0,0,1,0,1,3,1,0,1,0,0,4,2
8740,840,860,860,137000,0,1,0,0,1,1,0,0,1,0,1,0,1,2,0,0,2,0,0,6,3
9100,742,779,935,79500,1,1,0,2,1,0,1,0,1,1,0,0,1,2,0,0,1,0,0,7,2
8320,770,770,1582,185900,1,1,0,0,2,1,0,0,0,0,0,1,2,3,1,0,2,0,0,8,2
6600,816,816,816,138000,1,1,0,0,1,1,1,0,0,0,1,0,1,2,0,0,2,0,0,5,2
4435,848,848,848,140000,1,1,0,0,1,1,0,1,0,0,1,0,0,3,1,0,2,1,0,4,3
7990,924,924,924,110000,0,1,0,0,1,1,0,0,1,0,0,0,2,2,0,0,1,0,0,3,2
3600,684,684,1368,114504,1,1,0,0,1,0,1,0,0,1,0,0,2,4,2,0,1,0,0,9,0
3922,1258,1402,1402,194201,1,1,0,0,2,1,1,1,0,0,1,1,1,5,3,1,3,1,0,1,1
12984,1430,1647,1647,217500,1,0,0,0,1,1,0,1,0,0,1,0,2,4,2,1,2,0,0,2,0
1950,716,716,1556,151000,1,1,0,0,1,1,0,0,1,0,1,1,2,3,1,1,2,1,0,6,2
10927,1058,1058,1904,275000,1,1,0,0,2,1,0,1,0,0,1,1,2,5,3,1,2,1,0,5,0
9000,780,780,1375,141000,1,0,0,0,1,0,1,0,1,0,0,1,2,3,1,1,1,0,0,11,1
10041,908,927,1915,220000,0,1,0,0,2,1,0,0,0,0,1,1,2,5,3,1,2,1,0,1,0
3182,600,600,1200,151000,1,1,0,0,2,1,1,0,0,0,0,1,1,2,0,0,2,0,0,5,4
12803,1494,1494,1494,221000,0,1,0,0,2,1,0,1,0,0,1,0,2,3,1,1,2,1,0,8,2
13600,768,1186,1986,205000,1,1,0,0,2,1,1,1,1,0,0,1,2,4,2,2,2,0,0,9,3
12464,1040,1040,1040,152000,0,0,1,0,1,1,0,0,2,0,1,0,2,3,1,0,2,1,0,10,3
7800,896,1112,2008,225000,1,0,0,0,1,1,1,0,0,0,1,0,2,5,3,0,1,1,0,7,0
7943,1029,1029,1029,118500,1,1,0,1,1,1,0,1,2,0,1,0,2,2,0,0,1,1,0,3,1
11050,1440,1476,2153,313000,1,1,0,3,2,1,0,1,0,0,1,1,2,5,3,2,3,1,0,4,3
10395,1032,1032,1032,148000,0,1,3,0,1,1,0,1,1,0,1,0,2,3,1,1,2,0,0,6,1
11885,1299,1299,1872,261500,1,1,0,0,2,1,0,1,0,0,1,1,2,4,2,1,2,1,0,10,3
8402,1120,1120,1120,147000,1,1,0,1,1,1,0,0,0,0,0,0,2,3,1,0,0,0,0,11,1
1491,630,630,630,75500,1,1,0,0,1,1,0,0,0,0,1,0,0,2,0,0,0,1,0,4,4
8800,936,1054,1054,137500,1,1,0,1,1,1,0,1,0,0,1,0,2,3,1,0,2,1,0,4,4
7861,783,807,1509,183200,0,1,0,0,1,1,1,0,0,0,1,1,2,4,2,1,2,1,0,5,0
7227,832,832,832,105500,1,0,1,1,1,1,0,0,2,0,0,0,1,2,0,0,2,0,0,5,2
12244,1482,1482,2262,305000,1,1,0,0,2,1,0,2,0,0,1,1,3,6,4,2,3,1,0,7,2
8248,864,864,864,67000,1,1,0,0,1,0,1,0,1,1,1,0,1,3,1,0,0,0,0,8,2
7064,980,980,980,135000,1,1,0,0,1,1,0,1,1,0,0,0,2,3,1,0,2,1,0,6,3
2117,756,756,1512,168500,1,1,0,0,1,1,0,1,0,0,0,1,1,2,0,1,2,0,0,5,1
10400,732,1012,1790,165150,1,1,0,0,1,1,0,0,2,0,1,1,3,4,2,1,2,1,0,10,0
10000,1116,1116,1116,160000,0,1,1,0,1,1,0,1,1,0,0,1,2,2,0,0,2,0,0,1,4
12342,978,1422,1422,139900,0,1,0,0,1,1,1,0,1,0,0,0,2,3,1,1,1,0,0,7,1
9600,1156,1520,1520,153000,1,1,0,0,1,1,1,1,0,0,1,0,2,4,2,2,1,0,0,2,4
11606,1040,1040,2080,135000,0,0,0,0,1,1,0,1,1,0,1,1,3,4,2,2,2,1,0,8,1
9020,1248,1350,1350,168500,1,1,1,1,1,1,0,1,1,0,1,1,2,3,1,0,2,1,0,5,2
9000,636,1089,1750,124000,1,1,1,1,1,0,1,0,1,1,0,0,2,5,3,0,1,0,0,5,0
4590,1554,1554,1554,209500,1,1,0,0,2,1,0,2,0,0,0,0,1,4,2,1,2,1,0,7,1
11900,1386,1411,1411,82500,1,1,0,0,2,1,0,1,1,0,0,0,2,3,1,1,2,1,0,3,3
9250,1056,1056,1056,139400,1,1,1,0,1,1,1,0,1,0,1,0,2,3,1,0,1,1,0,6,1
6979,1056,1056,1056,144000,1,1,0,0,1,1,0,0,2,0,1,0,0,4,2,0,2,1,0,5,4
6120,264,800,800,60000,1,1,0,0,1,0,1,0,3,1,0,0,0,3,1,1,0,0,0,0,3
6000,811,811,1387,93000,1,1,0,0,1,1,0,0,1,1,0,0,2,4,2,0,1,0,0,10,3
8777,796,796,796,85000,1,1,0,1,1,0,1,0,2,1,0,0,1,2,0,0,0,1,0,4,2
3982,1520,1567,1567,264561,1,1,0,0,2,1,0,0,0,0,1,0,0,6,4,1,3,1,0,9,0
12677,1518,1518,1518,274000,0,1,0,0,2,1,1,1,0,0,0,1,0,5,3,1,2,1,0,3,2
7050,1057,1057,1929,226000,1,1,0,0,2,1,0,0,0,0,1,1,2,4,2,1,2,0,0,4,1
10793,780,780,1620,152000,1,1,0,2,1,1,0,1,0,0,0,1,3,3,1,0,2,1,0,3,1
10530,981,981,981,143250,0,1,1,0,1,1,0,0,1,0,1,1,2,2,0,0,2,0,0,2,1
7200,0,1048,1048,98300,1,1,0,0,1,1,0,0,2,0,0,0,2,4,2,0,2,0,0,6,2
10452,1094,1094,1094,155000,0,1,0,0,1,1,0,2,0,0,0,0,2,2,0,2,2,0,0,5,2
7700,756,1051,1839,155000,1,1,0,3,1,1,0,1,1,0,0,1,3,3,1,1,2,0,0,5,4
1936,630,630,630,84500,1,1,0,0,1,1,0,0,2,0,1,0,0,2,0,0,0,0,0,11,1
8125,813,822,1665,205950,1,1,0,0,2,1,0,0,0,0,0,1,2,4,2,0,2,0,0,4,2
9084,755,755,1510,108000,1,1,0,1,1,0,1,0,1,0,1,0,3,3,1,1,1,1,0,9,3
8750,880,909,1716,191000,1,1,0,0,2,1,0,0,0,0,0,1,1,5,3,1,2,0,0,6,3
10320,756,756,1469,135000,1,1,0,0,1,0,1,0,0,0,0,0,2,4,2,0,1,1,0,5,2
1680,525,525,1092,88000,1,1,0,0,1,1,0,1,1,0,0,1,2,3,1,0,1,0,0,2,4
10007,1053,1053,1053,145500,0,1,0,0,1,1,1,1,0,0,1,1,2,2,0,0,1,0,0,7,2
7200,776,851,1502,149000,1,0,0,0,2,0,1,0,1,0,0,1,2,3,1,1,1,0,0,1,2
9937,1486,1486,1486,167000,1,1,1,0,1,1,1,0,0,0,1,0,2,4,2,0,2,0,0,2,3
12384,793,1142,1935,197900,1,1,2,0,2,1,0,1,1,0,0,1,2,4,2,1,2,0,0,10,1
13560,1392,1392,1392,110000,1,1,1,0,1,1,0,1,2,0,1,0,1,3,1,2,2,0,0,6,3
10012,1138,1181,1181,137500,1,1,0,0,1,1,0,0,1,0,1,0,2,3,1,0,2,0,0,3,2
11194,1406,1454,1936,230500,0,1,1,0,2,1,0,1,0,0,0,1,2,4,2,1,2,1,0,10,0
8125,1408,1679,1679,193500,1,1,0,0,1,1,1,1,0,0,1,0,2,4,2,1,2,1,0,9,2
14175,1188,1437,1437,168000,1,0,1,0,1,1,1,0,2,0,1,1,2,3,1,1,2,1,0,10,0
11600,700,1180,1180,137500,1,1,0,0,1,0,1,0,0,0,0,0,1,3,1,1,1,0,0,6,0
8633,738,738,1476,173500,1,1,3,0,1,1,0,0,0,0,1,1,2,4,2,0,2,1,0,1,3
6629,672,697,1369,103600,1,1,0,1,1,0,1,0,1,0,1,0,2,3,1,0,1,1,0,6,3
11250,1208,1208,1208,165000,0,1,0,0,1,1,0,0,1,0,1,1,2,3,1,1,2,1,0,5,0
9200,1136,1136,1136,140000,1,1,0,0,1,1,0,0,1,0,1,0,2,2,0,1,1,1,0,6,2
2289,855,855,1441,148500,1,1,0,0,1,1,0,0,1,0,0,1,2,4,2,1,2,1,0,3,3
9600,1095,1095,1774,87000,1,1,0,0,1,0,1,0,3,0,1,0,3,4,2,0,3,0,0,4,0
9022,768,792,792,109500,1,1,0,0,1,0,1,0,0,0,0,0,1,3,1,0,1,1,0,4,3
9945,988,988,988,128500,0,1,0,0,1,1,0,1,1,0,1,0,2,2,0,0,2,0,0,9,1
8012,923,923,923,143000,1,1,0,0,1,1,0,0,1,0,0,0,1,3,1,1,1,1,0,4,4
4500,793,848,1520,159434,0,0,0,0,1,0,1,0,0,0,0,0,2,3,1,0,1,0,0,6,3
2887,1291,1291,1291,173000,1,0,0,0,1,1,1,0,0,0,1,0,1,4,2,1,2,1,0,10,2
11248,1626,1668,1668,285000,0,1,1,0,2,1,0,2,0,0,1,0,2,4,2,1,3,1,0,6,1
16770,1195,1195,1839,221000,0,1,2,0,2,1,0,1,2,0,0,1,3,3,1,0,2,0,0,5,4
5062,1190,1190,2090,207500,0,1,2,0,2,1,0,0,2,0,1,0,2,3,1,1,2,1,0,8,1
10207,874,874,1761,227875,1,1,0,0,2,1,0,0,0,0,0,0,2,4,2,0,2,1,0,7,1
5105,551,551,1102,148800,0,1,3,0,2,1,0,0,0,0,0,1,1,2,0,0,2,0,0,2,1
7577,1362,1362,1362,194700,0,1,1,0,1,1,1,2,0,0,0,0,1,4,2,1,2,1,0,5,1
4426,848,848,848,141000,1,1,0,0,1,1,0,1,0,0,1,0,0,2,0,1,2,1,0,4,2
5400,1073,1073,1073,108480,1,1,1,0,1,0,1,0,0,0,0,0,1,2,0,0,1,0,0,11,0
6120,927,1067,1539,141500,1,1,1,0,1,0,1,0,1,0,0,1,2,2,0,0,2,1,0,3,3
13811,1112,1137,1137,176000,0,1,0,0,1,1,0,1,2,0,1,0,1,3,1,1,2,1,0,6,0
6000,616,616,616,89000,1,1,0,0,1,0,1,0,2,0,0,0,1,2,0,0,1,0,0,5,0
6420,980,1148,1148,123500,0,1,0,0,1,1,0,0,3,1,1,0,1,4,2,0,1,0,0,8,0
8450,894,894,894,138500,1,1,0,2,1,1,1,0,0,0,1,0,2,2,0,1,1,1,0,3,4
4282,1391,1391,1391,196000,0,1,0,0,2,1,0,0,0,0,0,0,1,3,1,0,2,1,0,6,2
9600,1164,1164,1164,140000,1,1,0,0,2,1,0,1,1,0,0,1,2,3,1,0,2,0,0,6,0
7630,360,1032,1812,140000,1,1,0,1,1,0,1,0,2,0,0,0,3,4,2,1,2,1,0,4,4
8400,1473,1484,1484,213000,1,1,0,0,2,1,1,1,0,0,1,0,2,4,2,0,2,0,0,4,4
5600,0,372,1092,55000,1,1,0,0,1,0,1,0,3,0,0,0,2,4,2,0,0,0,0,6,4
6240,1324,1324,1324,254000,1,1,0,0,2,1,0,1,0,0,1,0,1,4,2,1,2,1,0,11,3
9018,728,728,1456,179540,0,1,0,0,2,1,0,0,0,0,0,1,2,5,3,1,2,1,0,6,1
7162,876,904,904,109900,0,1,0,0,1,1,0,1,1,0,0,0,2,3,1,0,1,0,0,11,2
4130,270,729,729,52000,0,1,0,0,1,0,1,0,2,0,0,0,1,3,1,0,0,0,0,6,2
8712,859,859,1178,102776,1,0,0,0,1,0,1,0,2,0,0,0,1,5,3,0,1,1,0,0,4
4671,1228,1228,1228,189000,0,0,0,0,2,1,1,0,2,0,1,0,1,3,1,1,2,1,0,9,2
9873,960,960,960,129000,1,1,0,2,1,1,0,1,1,0,1,0,2,3,1,0,2,0,0,4,0
13517,725,725,1479,130500,0,1,2,2,1,1,1,1,0,0,0,1,2,3,1,0,2,0,0,2,4
10140,1064,1350,1350,165000,1,1,0,0,1,1,0,1,1,0,0,0,2,4,2,1,2,0,0,7,3
10000,1176,1178,1178,157000,1,1,0,0,1,1,1,0,2,0,1,1,2,2,0,1,2,1,0,10,2
9920,971,971,971,128500,0,1,0,0,1,1,0,0,1,0,0,1,2,2,0,1,1,0,0,4,0
6563,1742,1742,1742,275000,0,0,2,0,2,1,0,0,1,0,1,0,1,3,1,1,2,1,0,11,0
4426,848,848,848,143000,1,1,0,0,1,1,0,1,0,0,1,0,0,2,0,0,2,1,0,4,4
8120,864,864,864,124500,1,1,0,0,1,1,0,0,0,0,0,0,2,2,0,0,2,0,0,6,3
8172,941,997,1470,135000,1,1,0,0,1,1,1,0,0,0,0,0,3,3,1,0,1,0,0,4,2
13286,1698,1698,1698,320000,0,1,0,0,2,1,1,2,0,0,1,0,2,5,3,1,3,1,0,1,3
6960,864,864,864,120500,1,1,0,0,1,1,0,0,1,0,0,0,2,2,0,0,2,1,0,10,3
7314,1232,1232,1232,194500,1,1,0,0,2,1,0,2,0,0,1,0,1,4,2,0,2,1,0,1,3
11475,1584,1776,1776,110000,1,1,1,0,1,1,0,1,1,0,1,0,3,5,3,0,3,0,0,6,3
6240,780,848,1208,103000,1,1,0,0,1,0,1,0,1,1,0,0,1,3,1,0,2,0,0,0,3
5389,1595,1616,1616,236500,0,1,0,0,2,1,1,0,0,0,1,0,1,3,1,1,2,1,0,2,4
9590,868,1146,1146,187500,0,1,1,0,2,1,0,1,0,0,1,0,2,3,1,1,2,1,0,4,1
11404,1153,1153,2031,222500,0,1,0,0,2,1,1,1,0,0,0,1,2,5,3,1,2,1,0,6,2
10000,864,1144,1144,131400,1,1,1,1,1,1,1,0,0,0,1,0,2,3,1,1,1,1,0,2,3
8978,948,948,948,108000,0,1,1,0,1,1,0,0,1,0,0,0,2,3,1,0,1,1,0,4,1
10800,880,880,1768,163000,1,1,0,0,2,0,1,0,3,0,0,1,1,4,2,2,2,0,0,9,0
8544,0,1040,1040,93500,1,1,0,0,1,1,0,0,2,1,0,0,1,4,2,0,2,0,0,6,0
10463,893,901,1801,239900,0,0,2,0,2,1,0,0,0,0,0,1,2,5,3,1,3,0,0,5,0
10800,1200,1200,1200,179000,1,1,0,0,1,1,1,0,1,0,1,0,2,2,0,0,0,1,0,2,3
9313,864,864,1728,190000,0,1,0,0,2,1,0,0,0,0,0,1,2,4,2,0,2,1,0,3,3
9600,264,768,1432,132000,1,1,0,0,1,0,1,0,0,0,0,0,1,5,3,0,2,1,0,4,1
6768,912,912,912,142000,0,1,0,1,1,1,1,0,2,0,1,0,2,2,0,0,1,1,0,4,2
8450,1349,1349,1349,179000,1,1,0,0,2,1,1,1,0,0,0,0,2,3,1,0,2,1,0,11,1
12886,520,1464,1464,175000,0,1,0,0,1,1,1,0,0,0,1,0,2,3,1,1,2,1,0,9,3
5395,1337,1337,1337,180000,0,0,0,0,2,1,0,0,2,0,1,0,1,3,1,1,2,1,0,9,2
8795,952,980,2256,236000,0,1,0,0,2,1,0,0,0,0,0,1,3,4,2,1,2,1,0,3,3
10593,1720,1720,1720,260400,0,1,0,0,2,1,0,1,0,0,1,0,2,4,2,1,2,1,0,2,4
8405,0,1088,1529,98000,1,1,0,0,1,0,1,0,1,1,0,0,3,5,3,0,1,1,0,3,3
8800,576,792,1140,96500,1,1,1,0,1,0,1,0,2,0,0,0,2,4,2,0,0,0,0,5,4
7750,660,660,1320,162000,1,1,0,2,2,1,0,0,0,0,0,1,2,3,1,0,2,0,0,7,1
9236,1479,1494,1494,217000,0,1,0,0,1,1,0,0,0,0,1,0,2,3,1,0,2,1,0,6,0
10240,1030,1038,2098,275500,1,1,0,0,2,1,0,1,2,0,0,1,2,5,3,1,3,1,0,2,0
7930,1026,1026,1026,156000,1,1,0,0,1,1,1,0,2,0,1,0,2,2,0,0,2,1,0,6,3
3230,729,742,1471,172500,1,1,0,0,1,1,0,1,2,0,0,1,2,3,1,0,2,0,0,2,3
10769,866,866,1768,212000,0,1,0,0,2,1,0,0,0,0,0,1,2,4,2,0,2,1,0,3,3
11616,672,672,1386,158900,0,1,2,0,1,1,0,1,1,0,0,1,2,3,1,1,2,1,0,3,4
2280,744,757,1501,179400,1,1,0,0,2,1,0,1,2,0,0,1,2,3,1,0,2,0,0,7,2
9100,864,864,864,127500,1,1,0,0,1,1,0,0,0,0,0,0,1,3,1,0,1,0,0,9,3
6911,1145,1301,1301,100000,1,1,3,1,1,0,1,0,1,0,0,0,1,3,1,0,2,0,0,9,3
8640,756,764,1547,215200,1,1,0,0,2,1,0,0,0,0,0,1,2,4,2,0,2,1,0,5,4
9549,1494,1494,1494,270000,0,1,2,0,2,1,1,0,0,0,1,1,1,4,2,1,2,0,0,3,0
14587,1498,1506,1506,264132,0,1,0,0,2,1,0,2,0,0,0,0,1,4,2,1,2,0,0,7,2
10421,980,980,1714,196500,1,1,0,0,2,1,0,1,1,0,0,1,2,4,2,1,2,1,0,2,4
12508,983,983,1750,160000,0,1,0,0,1,0,1,0,0,0,1,0,3,3,1,0,1,1,0,6,2
7252,858,858,858,134900,0,1,2,0,1,1,0,0,1,0,1,0,1,3,1,0,2,1,0,3,3
8877,836,1220,1220,102000,1,1,0,0,1,1,0,0,1,1,0,0,1,4,2,0,2,0,0,3,0
7819,1029,1117,1117,107000,1,1,0,0,1,1,0,0,1,0,1,0,2,3,1,1,2,1,0,2,4
10150,912,912,912,114500,1,1,0,1,1,1,0,0,0,1,0,0,1,3,1,0,1,0,0,6,1
4500,1204,1204,1204,162000,1,1,3,0,1,1,0,1,0,0,1,0,1,3,1,0,2,0,0,5,3
11210,1614,1614,1614,221500,0,1,0,0,2,1,1,1,0,0,0,0,2,4,2,0,3,1,0,6,0
13350,864,894,894,142500,0,1,0,0,1,1,0,0,1,0,1,0,2,2,0,1,2,1,0,5,0
10530,975,1004,1004,135000,1,1,0,0,1,1,0,1,1,0,1,0,1,2,0,0,2,0,0,4,0
7875,1237,1253,1253,176000,1,1,0,0,2,1,1,1,2,0,0,0,2,3,1,1,2,1,0,5,1
7153,761,810,1603,175900,1,1,0,0,1,1,0,0,0,0,0,1,2,4,2,0,2,0,0,6,0
16285,1413,1430,1430,187100,0,1,0,0,2,1,1,0,0,0,0,0,2,3,1,0,2,0,0,5,3
9101,1097,1110,1110,165500,0,1,1,0,1,1,0,1,0,0,1,0,0,3,1,1,2,1,0,6,3
6300,742,742,1484,128000,1,1,0,0,1,0,1,0,0,0,0,0,2,6,4,1,0,0,0,5,2
9790,1372,1342,1342,161500,1,1,0,1,1,1,0,0,1,0,0,0,2,4,2,1,2,0,0,8,3
10800,686,966,1652,139000,1,1,0,1,1,0,1,0,1,0,1,0,3,3,1,0,1,0,0,5,4
10142,956,956,2084,233000,0,1,0,0,2,1,0,0,0,0,1,1,3,4,2,0,2,0,0,0,4
6000,901,901,901,107900,1,1,1,0,1,1,1,0,0,0,0,0,1,2,0,0,1,0,0,7,2
12205,832,976,2087,187500,0,0,0,0,1,1,1,1,2,0,0,1,3,4,2,0,2,1,0,6,1
3182,1145,1145,1145,160200,1,1,0,0,2,1,1,1,0,0,0,0,1,3,1,1,2,1,0,8,3
11333,1029,1062,1062,146800,0,1,1,0,1,1,0,0,1,0,1,0,2,2,0,2,2,1,0,4,1
9920,1117,1127,2013,269790,0,1,2,0,2,1,1,0,0,0,1,1,2,5,3,1,2,1,0,5,1
9158,1496,1496,1496,225000,1,1,0,0,2,1,0,2,0,0,0,0,2,4,2,0,2,1,0,5,1
10832,712,1086,1895,194500,0,1,1,0,2,1,1,0,0,0,0,1,2,4,2,1,2,1,0,9,2
8400,650,888,1564,171000,1,1,0,0,1,1,1,1,1,0,0,1,2,4,2,1,2,0,0,3,4
8197,660,1285,1285,143500,1,1,0,0,1,1,0,1,0,0,0,1,2,4,2,1,2,1,0,3,1
7677,773,773,773,110000,1,1,0,0,1,1,0,0,2,0,0,0,1,2,0,0,1,0,0,3,2
7200,731,981,1768,175000,1,1,1,1,1,0,1,1,0,0,1,1,2,4,2,2,1,0,0,5,1
12798,616,616,1688,200000,0,0,0,1,1,1,0,0,2,0,1,1,3,4,2,0,2,1,0,4,2
4800,1196,1196,1196,109900,1,1,0,0,1,0,1,0,0,1,1,0,1,3,1,0,2,0,0,6,1
8199,728,728,1456,189000,1,1,0,0,2,1,0,0,0,0,1,1,2,4,2,1,2,1,0,9,2
9000,936,1128,1128,118000,1,1,0,0,1,1,0,0,1,0,0,0,1,3,1,0,1,0,0,5,0
12274,1417,1428,1428,227680,0,1,3,0,2,1,0,2,0,0,0,0,2,3,1,0,2,0,0,6,2
9750,980,980,980,135500,1,1,0,0,1,1,0,0,2,0,0,0,2,3,1,0,1,1,0,9,0
13400,1024,1086,1086,159950,1,1,0,0,1,1,0,1,1,0,1,0,2,3,1,1,2,0,0,5,0
8100,849,1075,2138,106000,1,1,1,0,1,0,1,0,1,1,0,0,1,9,4,0,2,1,0,10,3
10140,1040,1309,1309,181000,1,1,0,0,1,1,1,1,3,0,1,1,2,2,0,1,2,1,1,0,0
4438,848,848,848,144500,1,1,0,0,1,1,0,1,0,0,1,0,0,3,1,1,2,1,0,5,2
8712,540,1044,1044,55993,1,0,0,0,1,1,0,0,1,1,0,0,1,2,0,0,2,0,0,5,4
9750,1442,1442,1442,157900,1,1,0,0,1,1,0,1,2,0,0,1,3,3,1,0,1,0,0,3,1
8248,686,686,1250,116000,1,1,0,0,1,0,1,0,2,0,1,1,2,4,2,0,1,1,0,6,0
12137,1649,1661,1661,224900,0,1,2,0,2,1,0,1,0,0,0,0,2,3,1,0,2,0,0,4,4
11425,1008,1008,1008,137000,0,1,1,0,1,1,0,0,2,0,0,0,1,2,0,1,1,0,0,6,0
13265,1568,1689,1689,271000,0,1,2,0,2,1,0,1,0,0,1,0,2,4,2,2,3,1,0,6,2
8816,1010,1052,1052,155000,1,1,0,0,1,1,0,1,2,0,1,0,2,3,1,0,2,0,0,5,4
6371,1358,1358,1358,224000,0,1,0,0,2,1,1,2,0,0,1,0,1,4,2,1,2,1,0,5,4
7226,798,798,1640,183000,0,1,2,0,2,1,0,0,0,0,0,1,2,3,1,0,2,0,0,5,2
6000,936,936,936,93000,1,0,0,0,1,1,0,0,1,0,0,0,1,2,0,0,2,0,0,1,3
12394,847,847,1733,225000,0,1,1,0,2,1,0,0,0,0,0,1,2,4,2,1,2,1,0,9,1
9900,778,944,1489,139500,1,1,0,0,1,0,1,0,1,0,0,0,2,4,2,1,1,1,0,6,3
11216,1489,1489,1489,232600,1,1,0,0,2,1,0,0,0,0,0,0,2,4,2,1,2,0,0,5,0
6130,784,784,784,109500,1,1,0,0,1,0,1,0,2,0,1,0,1,3,1,0,0,0,0,4,2
8529,1454,1434,1434,189000,0,1,0,0,2,1,0,0,0,0,0,0,2,3,1,1,2,1,0,3,3
2544,600,520,1223,147400,1,1,0,0,2,1,0,0,0,0,0,1,1,2,0,0,2,0,0,6,0
11900,1392,1392,1392,166000,0,1,1,0,1,1,0,1,1,1,1,1,2,3,1,2,2,0,0,5,2
3180,600,520,1200,151000,1,1,0,0,2,1,0,0,0,0,0,1,1,2,0,0,2,0,0,5,0
9548,941,941,1829,237000,0,1,2,0,2,1,0,1,0,0,1,1,2,4,2,1,2,1,0,0,4
10004,1516,1516,1516,167000,1,1,0,0,1,1,0,1,1,0,0,1,2,3,1,0,2,0,0,1,3
7875,1144,1144,1144,139950,1,1,0,0,1,1,0,1,2,0,1,0,2,3,1,0,2,0,0,8,2
9600,1067,1067,1067,128000,1,1,0,0,1,1,1,0,1,0,0,0,1,2,0,0,2,1,0,1,4
8100,1559,1559,1559,153500,1,1,0,0,1,1,1,0,2,0,1,0,1,3,1,0,2,0,0,5,1
1680,483,483,987,100000,1,1,0,0,1,1,0,1,1,0,1,1,1,3,1,0,1,0,0,10,2
9525,1099,1099,1099,144000,1,1,0,0,1,1,1,0,0,0,0,1,2,3,1,0,1,1,0,5,2
11767,768,768,1200,130500,1,1,0,0,1,1,1,0,0,0,0,0,2,3,1,0,1,0,0,4,2
12155,672,810,1482,140000,0,1,0,0,1,0,1,0,1,0,0,0,3,3,1,0,1,0,0,2,2
10440,650,958,1539,157500,1,1,0,0,1,0,1,0,2,0,0,0,2,5,3,1,2,1,0,5,2
9020,1127,1165,1165,174900,1,1,0,0,1,1,0,1,1,0,1,1,2,3,1,0,2,0,0,4,2
12665,876,876,1416,153900,0,1,0,1,1,0,1,0,2,0,0,1,3,3,1,1,3,1,0,5,2
16647,1390,1701,1701,171000,0,1,2,2,1,1,1,0,1,0,1,0,2,3,1,2,2,0,0,0,1
9317,740,1006,1775,213000,1,1,0,0,2,1,0,1,0,0,1,1,2,4,2,1,2,1,0,6,3
15523,864,864,864,133500,0,1,2,0,1,1,0,0,0,0,1,0,2,2,0,1,1,0,0,7,3
9600,528,1094,1855,187000,1,1,3,1,1,1,1,1,0,0,0,1,2,4,2,1,2,1,0,7,1
4435,848,848,848,131500,1,1,0,0,1,1,0,1,0,0,1,0,0,2,0,0,2,1,0,10,1
3196,1273,1456,1456,215000,1,1,0,0,2,1,0,1,0,0,0,0,1,5,3,1,2,1,0,4,0
7128,918,918,1646,164000,1,1,0,0,2,0,1,0,2,0,0,0,3,3,1,2,1,0,0,7,1
12095,1127,1445,1445,158000,0,1,1,0,1,1,0,1,1,0,0,1,2,4,2,1,2,1,0,7,3
6897,1040,1040,1040,127000,0,1,1,0,1,1,1,0,0,0,1,1,2,3,1,0,1,0,0,3,4
10970,940,1026,1026,147000,0,0,0,0,1,1,0,0,1,0,1,0,2,2,0,0,2,0,0,9,2
8125,702,702,1481,174000,1,1,0,0,1,1,1,0,2,0,0,1,2,3,1,1,2,0,0,2,3
10400,1090,1370,1370,152000,1,1,0,0,2,1,0,1,1,0,0,0,2,3,1,1,2,0,0,5,3
7642,912,912,1426,189950,1,1,1,0,2,0,1,0,2,0,0,1,2,4,2,1,1,0,0,5,1
11625,1039,1039,1039,131500,1,1,0,0,1,1,0,0,0,0,1,1,2,3,1,0,2,0,0,3,4
9672,1040,1097,1097,152000,1,1,1,0,1,1,1,0,1,0,0,0,2,3,1,0,2,0,0,4,4
7931,1148,1148,1148,132500,1,1,0,0,1,1,0,0,1,0,1,0,2,3,1,0,1,0,0,6,3
8640,1372,1372,1372,250580,1,1,0,0,2,1,1,0,0,0,0,0,2,3,1,0,2,0,0,4,2
8750,1002,1002,1002,148500,0,1,0,0,1,1,0,1,1,0,1,0,2,2,0,0,2,0,0,7,3
10656,1638,1646,1646,248900,0,0,0,0,2,1,1,2,0,0,0,0,2,3,1,1,3,1,0,10,1
6970,1040,1120,1120,129000,1,1,1,1,1,1,0,0,1,0,1,1,2,2,0,0,2,1,0,4,1
14762,0,1547,2320,169000,0,1,1,1,1,1,1,0,2,0,0,0,1,5,3,1,2,1,0,4,0
9938,1050,1062,1949,236000,1,1,0,0,2,1,1,1,0,0,1,1,2,5,3,1,2,1,0,5,4
6600,894,894,894,109500,1,1,0,3,1,1,0,0,2,0,0,0,1,3,1,0,1,0,0,7,3
8750,804,804,1682,200500,1,1,0,0,1,1,0,1,0,0,0,1,2,4,2,0,2,0,0,5,4
8892,105,910,910,116000,1,1,1,0,1,1,1,0,2,0,0,0,2,2,0,0,2,1,0,9,2
12144,832,1036,1268,133000,1,1,0,0,1,1,1,0,2,0,0,0,2,3,1,1,1,0,0,8,3
5720,676,676,1131,66500,1,1,0,1,1,0,1,0,0,0,0,1,2,2,0,0,1,1,0,7,3
11782,1109,1155,1155,148000,0,1,0,0,1,1,1,0,1,0,1,0,2,3,1,0,2,1,0,5,4
7000,864,864,864,136500,0,1,2,0,1,1,1,1,0,0,1,0,2,3,1,0,1,0,0,6,3
7024,1090,1090,1090,157000,1,1,0,0,1,1,1,0,2,0,1,1,1,3,1,0,2,0,0,5,1
13758,1156,1187,1717,187500,0,1,2,0,2,1,1,1,0,0,0,1,2,4,2,1,2,1,0,3,1
9636,808,808,1593,178000,0,1,1,0,1,1,1,0,2,0,0,1,2,4,2,1,2,1,0,11,3
6204,795,954,2230,118500,1,0,0,0,1,0,1,0,1,0,1,0,3,5,3,0,1,0,0,2,0
7150,892,892,892,100000,1,1,0,0,1,1,0,1,1,0,0,0,2,2,0,0,1,0,0,6,3
8393,1626,1712,1712,145000,1,1,1,0,1,1,1,1,0,0,0,0,3,4,2,0,2,1,0,5,0
16466,816,872,1393,135500,0,1,0,0,1,1,0,0,1,0,0,1,2,5,3,0,1,1,0,3,2
12160,1505,1505,1505,149500,1,1,0,1,1,1,0,1,0,0,1,0,1,4,2,1,2,0,0,1,3
8064,672,672,924,122900,1,1,1,1,1,1,1,0,0,0,0,0,2,3,1,1,2,0,0,6,1
11184,918,918,1683,172500,1,1,0,0,1,1,0,1,2,0,0,1,2,4,2,1,2,1,0,6,3
8414,1059,1068,1068,154500,1,1,0,0,1,1,1,0,1,0,1,0,2,3,1,0,1,1,0,1,0
13284,1383,1383,1383,165000,1,1,0,3,1,1,0,0,1,0,1,0,2,3,1,1,1,1,0,5,2
7018,0,1535,1535,118858,1,0,0,0,1,1,0,0,1,0,0,0,3,4,2,0,2,0,0,5,3
7056,780,983,1796,140000,1,1,0,0,1,1,0,1,1,0,1,1,3,4,2,1,2,0,0,9,2
8765,951,951,951,106500,1,1,0,0,1,0,1,0,0,0,0,0,1,4,2,0,1,0,0,3,0
7018,0,1120,2240,142953,1,1,0,1,1,1,0,0,1,0,0,0,3,6,4,0,2,1,0,5,3
6993,912,1236,1236,135000,1,1,0,1,1,1,1,0,1,0,0,0,2,3,1,1,1,0,0,5,0
7340,858,858,858,110000,0,1,0,0,1,1,0,0,1,0,0,0,1,2,0,0,1,0,0,5,1
8712,992,1306,1306,153000,0,1,0,0,1,1,1,0,1,0,1,0,1,3,1,0,1,0,0,4,3
7875,783,807,1509,180000,1,1,0,0,2,1,0,0,0,0,0,1,2,5,3,1,2,0,0,6,0
14859,1670,1670,1670,240000,0,0,2,0,2,1,0,1,0,0,0,0,2,4,2,1,3,1,0,7,0
6173,876,902,902,125500,0,1,0,0,1,1,0,1,1,0,0,0,2,3,1,0,1,0,0,7,1
9920,1056,1063,1063,128000,1,1,0,0,1,1,0,2,1,0,1,0,2,3,1,0,1,0,0,1,4
13501,1623,1636,1636,255000,0,1,1,0,2,1,0,2,0,0,1,0,2,5,3,1,3,0,0,5,1
11500,1017,1020,2057,250000,0,1,0,0,2,0,1,0,2,0,0,1,2,3,1,1,1,0,0,5,0
8885,864,902,902,131000,0,0,0,0,1,1,0,0,1,0,1,0,1,3,1,0,2,1,0,5,0
12589,742,742,1484,174000,0,1,0,0,1,1,0,0,0,0,0,1,2,5,3,1,2,1,0,5,3
11600,1105,1105,2274,154300,1,1,1,1,1,1,0,1,1,1,0,0,3,7,4,0,2,0,0,0,4
9286,1268,1268,1268,143500,0,1,2,0,1,1,1,0,1,0,0,1,2,2,0,0,1,1,0,9,3
6120,768,1015,1015,88000,1,1,0,0,1,0,1,0,1,0,0,0,2,3,1,0,1,0,0,6,0
6270,1001,1001,2002,145000,1,0,0,0,1,1,1,0,1,1,0,0,3,4,2,0,3,0,0,7,1
3000,612,612,1224,173733,1,1,0,0,1,1,0,2,0,0,0,1,1,2,0,0,2,0,0,5,3
2001,546,546,1092,75000,1,1,0,0,1,1,0,1,3,0,0,1,2,3,1,0,1,0,0,0,1
9000,480,480,480,35311,1,1,0,0,1,1,1,0,1,1,1,0,0,3,1,0,1,0,0,9,0
17140,1134,1229,1229,135000,1,1,0,0,1,1,0,0,0,1,0,0,2,3,1,0,1,0,0,3,3
13125,1104,912,2127,238000,0,1,1,0,2,1,0,0,0,0,1,1,3,4,2,1,3,1,0,10,1
11029,1184,1414,1414,176500,0,1,1,0,1,1,1,0,0,0,1,0,2,3,1,1,2,0,0,4,2
8462,928,936,1721,201000,0,1,0,0,1,1,0,1,0,0,1,1,2,4,2,0,2,1,0,6,1
8777,1272,1272,2200,145900,1,1,0,1,1,0,1,0,2,0,1,1,3,5,3,0,0,0,0,8,2
10237,1316,1316,1316,169990,1,1,0,2,1,1,1,0,0,0,0,0,2,3,1,1,2,1,0,9,0
8012,1604,1617,1617,193000,1,1,0,0,1,1,1,0,0,0,1,0,1,3,1,1,2,0,0,6,2
10240,1686,1686,1686,207500,1,1,0,0,1,1,0,1,1,0,1,0,2,4,2,1,2,1,0,4,0
15611,1126,1126,1126,175000,0,1,1,0,1,1,0,0,1,0,1,0,2,3,1,0,2,1,0,2,2
11999,1181,1234,2374,285000,1,1,0,0,2,1,1,1,0,0,0,1,3,6,4,1,3,1,0,4,1
9900,832,1098,1978,176000,1,1,0,1,2,1,0,1,2,0,0,1,3,5,3,1,2,0,0,3,2
11838,1753,1788,1788,236500,1,1,0,0,2,1,0,0,0,0,0,0,2,4,2,1,2,1,0,5,3
13006,964,993,2236,222000,0,1,1,0,2,1,0,1,2,0,0,1,3,4,2,1,2,0,0,10,0
8925,1466,1466,1466,201000,0,0,0,0,2,1,0,0,0,0,0,0,2,4,2,0,3,1,0,6,3
9100,925,925,925,117500,1,1,0,0,1,1,0,0,0,0,1,0,1,3,1,0,1,0,0,6,3
8487,1500,1500,1500,190000,1,1,3,0,2,1,0,1,0,0,0,0,2,3,1,0,2,1,0,7,3
5825,600,747,747,79900,0,1,0,0,1,0,1,1,2,0,0,0,0,4,2,0,2,0,0,5,0
10083,1176,1200,1200,184900,1,1,0,0,2,1,0,0,0,0,1,0,1,3,1,0,2,0,0,7,3
9675,1113,1113,1971,253000,1,1,0,0,2,1,0,0,0,0,0,1,2,5,3,1,2,0,0,1,3
8760,1391,1391,1962,239799,1,1,0,0,2,1,0,0,0,0,0,1,2,4,2,0,3,0,0,7,0
12640,1728,1728,1728,150900,0,1,0,0,1,1,0,0,1,0,0,0,3,4,2,0,2,1,0,6,0
8755,992,1022,2060,214000,0,1,3,2,2,1,0,1,0,0,1,1,2,5,3,1,2,0,0,5,3
7711,1440,1440,1440,150000,0,1,0,0,1,1,0,0,1,0,1,0,3,4,2,0,0,1,0,7,1
14375,819,1344,1344,137500,0,1,2,0,1,1,0,1,2,1,1,0,2,4,2,1,2,0,0,0,3
8820,1088,1188,1869,124900,1,1,1,0,1,0,1,0,1,0,0,0,1,5,3,0,2,1,0,8,3
8163,1144,1144,1144,143000,1,1,0,0,1,1,0,1,1,0,1,0,2,3,1,1,1,1,0,2,0
14536,1616,1629,1629,270000,1,1,0,0,2,1,1,1,0,0,1,0,2,6,4,1,3,0,0,10,1
14006,936,936,1776,192500,0,1,0,0,2,1,0,1,0,0,0,1,2,4,2,1,2,1,0,1,0
9360,1161,1381,1381,197500,1,1,0,0,1,1,1,0,1,0,1,1,2,2,0,1,2,0,0,2,4
7200,864,864,864,129000,1,1,0,0,1,1,1,0,2,0,1,0,2,2,0,0,2,1,0,6,1
7800,828,965,965,119900,1,1,1,0,1,1,0,0,2,0,1,0,2,3,1,0,1,1,0,6,0
7200,768,768,768,133900,1,1,0,0,1,1,1,0,2,0,1,0,1,3,1,0,1,1,0,3,3
11075,784,1168,1968,172000,0,1,0,0,1,1,0,1,0,0,1,1,3,3,1,1,2,1,0,8,2
9400,945,980,980,127500,0,1,2,0,1,1,0,1,1,0,1,0,3,0,0,0,0,0,0,9,0
7136,979,979,1958,145000,0,0,0,0,1,1,1,1,1,1,0,0,3,4,2,0,2,0,0,7,1
1300,561,561,1229,124000,1,1,0,0,1,1,0,0,1,0,0,1,1,3,1,1,2,1,0,4,3
7420,1057,1057,1057,132000,1,1,0,0,1,1,0,0,1,0,0,0,2,3,1,0,2,0,0,3,1
8450,1337,1337,1337,185000,1,1,0,0,2,1,0,0,0,0,1,0,2,3,1,0,2,0,0,9,1
2572,696,696,1416,155000,1,1,3,0,2,1,0,0,0,0,1,1,2,3,1,0,2,0,0,4,4
7207,858,858,858,116500,0,1,0,0,1,1,1,0,2,0,1,0,1,2,0,0,0,1,0,1,4
2308,804,804,1548,155000,1,1,1,0,1,1,0,0,1,0,1,1,2,4,2,1,2,1,0,6,1
11316,817,824,1894,214900,1,1,1,0,2,1,1,1,0,0,1,1,3,4,2,1,2,0,0,1,4
10237,783,783,1484,178900,1,1,0,2,1,1,1,0,0,0,0,1,2,5,3,1,2,0,0,6,1
9600,728,976,1308,160000,0,0,0,0,1,0,1,0,0,0,1,1,1,5,3,2,1,0,0,5,3
7390,1098,1098,1098,135000,0,1,0,0,1,1,0,1,1,0,1,0,2,3,1,0,1,0,0,6,2
5925,600,600,968,37900,1,1,0,0,1,0,1,0,3,0,0,0,1,4,2,0,0,0,0,4,3
10382,588,1095,1095,140000,1,1,0,0,1,1,0,1,1,0,1,0,1,4,2,0,1,0,0,2,0
10800,720,720,1192,135000,1,1,0,0,1,1,1,0,1,1,0,1,3,2,0,0,0,0,0,11,0
2268,764,764,1626,173000,1,1,0,0,2,1,1,2,0,0,0,0,1,4,2,0,2,0,0,6,3
7892,918,918,918,99500,1,1,0,0,1,1,0,0,1,0,0,0,1,3,1,1,1,1,0,3,4
11639,1428,1428,1428,182000,1,1,1,0,2,1,1,0,0,0,0,0,2,3,1,0,2,0,0,11,2
11414,728,1136,2019,167500,0,1,1,2,2,0,1,0,1,0,0,0,2,5,3,0,2,1,0,9,3
2651,673,673,1382,165000,1,1,3,0,2,1,0,0,0,0,1,1,2,3,1,0,2,1,0,3,0
5900,440,869,869,85500,0,0,0,0,1,0,1,0,1,1,0,0,1,2,0,0,0,0,0,7,0
4274,1241,1241,1241,199900,0,1,0,0,2,1,1,0,0,0,1,1,0,3,1,0,2,0,0,10,1
9450,894,894,894,110000,1,0,0,0,1,1,0,0,0,0,0,0,2,2,0,0,2,0,0,4,1
8816,1121,1121,1121,139000,1,1,1,1,1,1,0,0,1,0,1,0,2,2,0,0,2,0,0,5,3
12122,944,999,999,178400,0,1,1,0,2,1,1,2,2,0,1,0,2,3,1,0,2,1,0,6,2
3182,1266,1266,1266,159895,1,1,0,0,2,1,0,1,0,0,0,0,1,4,2,1,2,1,0,2,2
11250,1128,1149,2290,255900,1,1,1,0,2,1,0,0,0,0,0,1,3,5,3,1,2,0,0,4,2
10125,0,1302,1734,126000,1,1,0,0,1,1,0,0,1,0,0,0,3,4,2,0,2,0,0,7,3
10880,1164,1164,1164,125000,1,1,0,0,1,1,0,0,1,0,1,0,2,2,0,0,1,0,0,7,2
5310,485,1001,1635,117000,1,1,1,1,1,0,1,0,2,0,0,0,1,3,1,0,1,1,0,5,0
12046,848,1118,2030,195000,0,1,0,0,1,1,0,1,1,0,0,1,3,4,2,1,2,0,0,5,1
8125,770,778,1576,197000,1,1,0,0,2,1,0,0,0,0,0,1,2,3,1,0,2,0,0,7,0
9760,822,1020,1851,187000,1,1,0,0,1,1,1,1,2,0,0,1,2,4,2,1,2,1,0,6,1
8846,750,750,1500,173900,1,1,0,0,1,1,1,0,0,0,0,1,2,3,1,0,2,0,0,7,0
4712,747,774,1230,121600,0,1,0,1,1,1,1,0,1,0,1,1,2,2,0,0,1,0,0,7,0
10659,1050,1050,1050,136500,0,1,0,0,1,1,0,0,1,0,1,0,2,3,1,0,1,0,0,0,0
11717,1442,1442,1442,185000,0,1,0,3,1,1,0,1,1,0,0,0,1,4,2,1,2,1,0,1,3
9786,1007,1077,1077,91000,1,1,0,0,1,0,1,0,3,0,0,0,2,3,1,1,1,0,0,4,0
6762,1187,1208,1208,206000,1,1,0,0,2,1,0,2,0,0,1,0,1,4,2,0,2,1,0,1,4
10206,0,944,944,82000,1,1,1,0,1,1,0,0,3,1,0,0,1,2,0,0,2,0,0,6,3
5400,691,691,691,86000,1,1,1,0,1,0,1,0,0,1,0,0,1,2,0,0,1,0,0,0,1
11957,1574,1574,1574,232000,0,1,0,2,2,1,0,1,0,0,0,0,2,4,2,1,3,1,0,6,2
11500,1680,1680,1680,136905,0,1,1,1,1,1,0,1,3,0,0,0,3,4,2,0,2,0,0,5,1
3182,1346,1504,1504,181000,1,1,0,0,2,1,1,1,0,0,0,0,0,6,4,1,2,1,0,4,3
8385,985,985,985,149900,1,1,0,0,1,1,0,1,1,0,0,0,2,3,1,0,1,1,0,10,2
12155,1657,1657,1657,163500,0,1,0,3,1,1,0,0,2,0,1,0,2,4,2,1,2,0,0,2,1
2217,546,546,1092,88000,1,1,0,0,1,1,0,0,1,0,0,1,2,3,1,0,1,1,0,7,3
12118,1710,1710,1710,240000,0,1,2,0,2,1,1,2,0,0,0,0,2,4,2,1,2,1,0,3,3
6000,1008,1008,1522,102000,1,1,0,0,1,0,1,0,0,0,0,0,3,3,1,0,0,0,0,5,0
9825,0,1664,1664,100000,1,1,0,0,1,1,0,0,1,0,0,0,3,4,2,0,0,0,0,4,4
10592,602,900,1502,165000,1,1,0,0,1,0,1,0,1,0,0,1,2,4,2,2,1,1,0,7,1
7200,1022,1022,1022,85000,1,1,0,0,1,0,1,0,1,0,1,0,1,2,0,0,1,0,0,5,3
11664,1082,1082,1082,119200,1,1,0,1,1,1,1,1,1,0,0,0,1,3,1,1,1,0,0,10,1
8400,810,810,1665,227000,1,1,0,0,2,1,0,0,0,0,1,1,2,3,1,0,2,0,0,10,3
11883,1504,1504,1504,203000,1,1,0,0,2,1,0,1,0,0,1,0,2,3,1,1,2,1,0,5,3
5814,1220,1360,1360,187500,0,1,2,0,2,1,0,0,2,0,1,0,0,3,1,1,2,1,0,7,3
10784,384,802,1472,160000,0,1,3,0,2,1,1,1,2,0,0,1,2,4,2,1,2,1,0,4,1
3013,1362,1506,1506,213490,1,1,0,0,2,1,0,1,0,0,0,0,1,4,2,1,2,1,0,3,0
7024,1132,1132,1132,176000,1,1,0,0,1,1,0,0,0,0,1,1,1,3,1,0,2,1,0,5,2
7406,1199,1220,1220,194000,1,1,0,0,2,1,0,2,0,0,1,0,1,4,2,0,2,1,0,6,0
9439,912,912,1248,87000,1,1,0,0,1,0,1,0,2,1,0,0,1,4,2,0,1,0,0,2,1
3182,1346,1504,1504,191000,1,1,0,0,2,1,1,1,0,0,0,0,1,5,3,1,2,1,0,4,2
7700,882,882,882,112500,1,1,1,0,1,1,0,0,1,0,1,0,2,2,0,0,2,1,0,2,1
9300,1268,1264,1264,167500,1,1,0,1,1,1,0,1,1,0,1,0,2,3,1,2,2,0,0,3,4
9520,1638,1646,1646,293077,0,0,0,0,2,1,1,2,0,0,1,0,2,4,2,1,3,1,0,3,2
9492,768,968,1376,105000,1,1,0,1,1,0,1,0,1,0,1,0,2,3,1,1,1,0,0,3,1
1680,672,672,1218,118000,1,1,0,0,1,1,0,1,2,0,1,1,2,4,2,0,1,0,0,4,0
7082,686,948,1928,160000,1,1,0,0,1,0,1,0,2,0,0,0,3,5,3,0,0,0,0,6,0
8125,1654,1654,1654,230000,1,1,0,0,2,1,0,2,0,0,1,0,2,3,1,0,3,0,0,1,0
6305,920,954,954,119750,1,0,0,0,1,0,1,0,0,0,0,0,1,3,1,1,1,0,0,5,1
11500,0,845,845,84000,0,1,2,0,1,1,0,0,0,0,0,0,2,2,0,0,1,1,0,0,3
12898,1620,1620,1620,315500,0,0,0,0,2,1,1,2,0,0,1,0,1,4,2,1,3,1,0,8,3
9240,1055,1055,2263,287000,1,1,0,0,2,1,1,1,0,0,0,1,2,4,2,1,2,0,0,8,2
1533,546,798,1344,97000,1,1,0,0,1,1,1,0,1,0,0,1,2,3,1,1,0,0,0,4,3
1477,630,630,630,80000,1,1,0,0,1,1,0,0,1,0,1,0,0,2,0,0,1,0,0,3,3
13125,1134,1803,1803,155000,1,1,1,0,1,1,1,1,0,0,1,0,2,5,3,1,2,0,0,0,0
9130,800,800,1632,173000,1,1,0,1,1,1,1,1,2,0,1,1,3,3,1,0,2,0,0,6,2
5381,1306,1306,1306,196000,0,1,0,0,1,1,0,2,0,0,1,0,0,4,2,1,2,1,0,7,3
11839,1475,1532,2329,262280,1,1,0,0,2,1,0,1,0,0,1,1,3,6,4,1,2,1,0,4,2
13680,0,1733,1733,139600,0,1,2,0,1,1,0,0,0,1,0,0,3,4,2,1,2,0,0,5,3
9245,990,990,990,145000,0,1,0,0,1,1,1,0,0,0,1,0,2,2,0,0,2,0,0,1,2
11100,0,930,930,84900,1,0,0,0,1,1,1,0,0,0,0,0,1,4,2,0,1,0,0,3,4
8993,1302,1302,1302,176485,0,1,0,0,2,1,0,0,0,0,0,0,2,3,1,0,2,0,0,7,1
11175,1316,1316,1316,200141,0,1,1,0,2,1,0,0,0,0,0,0,2,3,1,1,2,0,0,9,1
9500,816,1127,1977,165000,1,1,1,1,1,1,1,1,1,0,1,1,3,5,3,1,2,0,0,5,1
8562,1216,1526,1526,144500,1,1,0,0,1,1,1,2,0,1,0,0,3,3,1,1,1,1,0,4,4
11367,1065,1091,1989,255000,1,1,1,0,2,1,0,1,0,0,1,1,2,4,2,1,2,1,0,10,0
11361,1193,1523,1523,180000,1,1,0,0,1,1,0,1,1,0,1,0,2,4,2,1,2,0,0,4,2
7052,1364,1364,1364,185850,0,1,0,0,2,1,0,2,0,0,1,0,1,4,2,1,2,1,0,5,0
11275,854,1096,1991,220000,0,0,1,0,1,0,1,1,1,0,0,1,2,4,2,1,2,0,0,2,1
4920,1338,1338,1338,213500,1,1,0,0,2,1,0,0,0,0,1,0,1,4,2,0,2,0,0,3,4
13600,662,1422,2337,90000,1,1,0,0,1,0,1,0,1,0,0,0,3,5,3,0,2,0,0,8,1
6000,1103,1103,1103,110500,1,1,0,1,1,0,1,0,2,0,0,0,1,3,1,1,2,1,0,6,0
11000,1154,1154,1154,154000,0,1,2,0,1,1,0,1,0,0,0,1,2,3,1,1,2,0,0,10,3
7837,799,799,1571,178000,0,1,0,0,1,1,1,0,2,0,0,1,2,4,2,1,2,0,0,4,3
9760,780,798,1611,167900,1,1,0,0,1,1,0,1,1,0,1,1,3,3,1,0,2,1,0,5,2
9600,845,893,893,135000,1,1,0,0,1,1,1,0,1,0,1,0,1,2,0,0,2,0,0,4,1
10152,1048,1048,1048,135000,1,1,0,0,1,1,0,1,1,0,1,0,2,3,1,0,1,0,0,5,1
11700,727,829,1556,154000,1,1,0,2,1,1,0,0,0,0,0,1,3,4,2,0,2,0,0,4,3
7585,810,1002,1456,91500,1,1,0,1,1,1,1,0,3,1,1,0,3,3,1,1,1,0,0,7,0
7950,690,698,1426,159500,0,0,1,0,1,1,0,1,1,0,0,1,2,3,1,0,2,1,0,6,3
8556,1240,1240,1240,194000,1,1,0,0,2,1,0,0,0,0,0,0,1,3,1,0,3,1,0,4,1
13125,800,960,1740,219500,1,1,0,0,2,0,1,0,1,0,0,1,2,3,1,2,1,0,0,6,1
10800,796,1096,1466,170000,1,1,0,0,1,0,1,0,2,0,1,0,2,4,2,1,2,1,0,3,0
15870,1096,1096,1096,138800,0,1,1,0,1,1,0,0,0,0,1,0,2,3,1,0,1,1,0,2,0
4435,848,848,848,155900,1,1,0,0,1,1,0,1,0,0,1,0,0,2,0,1,2,1,0,4,0
8775,990,990,990,126000,1,1,0,0,1,1,0,0,2,0,0,0,2,2,0,0,1,0,0,3,1
11040,1258,1258,1258,145000,1,1,0,0,1,1,1,1,0,0,1,0,2,2,0,0,2,1,0,9,2
7500,1040,1040,1040,133000,1,1,1,1,1,1,0,0,3,0,1,1,2,2,0,0,1,0,0,5,4
8749,1459,1459,1459,192000,1,1,0,0,2,1,0,1,0,0,0,0,2,3,1,1,2,1,0,8,1
8800,1251,1251,1251,160000,1,1,0,0,1,1,0,1,1,0,1,0,2,3,1,2,1,0,0,2,0
13031,691,691,1498,187500,0,1,1,0,1,1,1,0,2,0,0,1,2,3,1,1,2,1,0,6,0
9069,936,996,996,147000,1,1,0,0,1,1,0,0,0,0,1,0,1,3,1,0,2,1,0,3,4
1974,546,546,1092,83500,1,1,0,0,1,1,0,0,1,0,0,1,2,3,1,0,1,1,0,4,4
10574,1082,1082,1953,252000,1,1,0,0,2,1,1,0,0,0,0,1,2,6,4,1,3,1,0,4,3
2522,970,970,1709,137500,1,1,0,0,2,1,0,2,0,0,0,0,2,4,2,0,2,0,0,3,0
3316,1247,1247,1247,197000,0,1,0,0,2,1,0,0,0,0,1,1,0,3,1,1,2,0,0,3,0
8544,0,1040,1040,92900,1,1,1,0,1,1,0,0,3,1,0,0,1,4,2,0,2,0,0,5,3
2160,600,624,1252,160000,1,1,0,0,2,1,1,1,0,0,1,1,1,2,0,0,2,0,0,2,2
8400,1181,1390,1694,136500,1,0,0,0,1,0,1,0,3,0,0,0,3,3,1,1,2,1,0,5,2
9230,864,1200,1200,146000,1,1,1,1,1,1,1,1,2,0,1,1,0,5,3,0,2,0,0,9,0
5868,936,936,936,129000,1,1,0,0,1,1,1,0,0,0,1,0,1,2,0,0,1,0,0,4,4
9317,1314,1314,1314,176432,0,1,0,0,1,1,0,0,2,0,0,0,2,3,1,1,2,0,0,2,1
6882,684,773,1355,127000,1,1,0,0,1,0,1,0,1,0,0,1,2,4,2,0,0,1,0,2,1
3696,1074,1088,1088,170000,1,1,0,0,2,1,0,0,0,0,0,1,1,3,1,0,2,0,0,9,1
6000,672,757,1324,128000,1,1,0,0,1,0,1,0,1,0,0,0,2,3,1,0,1,0,0,6,3
11880,1271,1601,1601,157000,0,1,0,2,2,1,0,1,1,0,0,0,2,4,2,1,2,0,0,3,3
8400,290,438,438,60000,1,0,0,0,1,0,1,0,1,1,0,0,0,2,0,0,1,0,0,0,3
9758,950,950,950,119500,0,1,0,0,1,1,0,0,1,0,0,0,2,2,0,0,1,0,0,6,1
7000,1010,1134,1134,135000,1,1,0,0,1,1,1,1,0,0,0,0,1,4,2,0,1,0,0,3,1
8910,655,1194,1194,159500,1,1,1,0,1,1,0,0,0,0,1,0,2,3,1,1,2,0,0,6,0
2016,630,630,1302,106000,1,1,0,0,1,1,0,1,1,0,0,1,2,3,1,0,2,0,0,3,1
10357,910,1442,1442,179900,0,1,1,1,2,1,1,0,2,0,1,0,2,3,1,1,2,0,0,4,1
8063,924,948,1690,181000,1,1,0,0,1,1,0,0,0,0,0,1,2,4,2,1,2,1,0,10,1
8000,773,773,1658,188000,1,1,0,0,1,1,1,0,2,0,1,1,2,5,3,1,2,1,0,5,2
10480,803,1098,1964,205000,1,1,0,0,2,1,0,1,1,0,0,1,3,4,2,1,2,0,0,8,2
7100,816,816,816,129900,0,1,1,0,1,1,0,0,1,1,1,0,1,3,1,0,1,0,0,6,0
8923,1008,1008,1008,134500,1,1,0,0,1,1,1,0,2,0,1,0,1,4,2,0,1,0,0,4,1
5400,833,833,833,117000,1,1,0,0,1,1,1,0,0,0,0,0,1,2,0,0,1,0,0,7,0
12085,1734,1734,1734,318000,1,1,0,0,2,1,0,2,0,0,1,0,2,4,2,1,3,0,0,10,1
7750,408,779,1419,184100,1,1,0,0,2,1,0,0,0,0,1,1,2,4,2,1,2,1,0,2,3
9764,894,894,894,130000,0,1,3,1,1,1,1,0,0,0,1,0,2,2,0,0,2,0,0,4,2
13825,533,1021,1601,140000,1,1,0,0,1,1,1,0,1,0,1,0,2,3,1,0,1,1,0,11,2
7560,1040,1040,1040,133700,1,1,0,0,1,1,0,0,1,1,0,0,2,3,1,0,1,1,0,6,0
8263,1012,1012,1012,118400,1,0,0,0,1,0,1,0,1,1,0,0,1,4,2,1,1,0,0,4,1
10084,1552,1552,1552,212900,1,1,0,0,2,1,1,1,0,0,0,0,2,4,2,0,3,1,0,6,0
8926,672,960,960,112000,0,1,1,0,1,1,0,0,0,1,0,0,2,2,0,0,1,1,0,9,3
9405,698,698,698,118000,1,1,0,0,1,1,1,0,0,0,1,0,1,2,0,0,0,0,0,5,3
9125,384,812,1482,163900,0,1,0,0,2,1,0,1,2,0,0,1,2,4,2,1,2,1,0,6,1
10434,1005,1005,1005,115000,1,1,0,0,1,1,0,0,1,0,0,0,1,3,1,1,2,0,0,10,3
3684,1373,1555,1555,174000,1,1,0,0,2,1,0,1,0,0,0,0,1,5,3,1,3,1,0,5,3
14572,1530,1530,1530,259000,0,1,1,0,2,1,0,0,0,0,1,0,2,4,2,1,3,1,0,10,1
11796,847,847,1959,215000,0,1,0,0,2,1,1,0,0,0,0,1,3,4,2,1,2,1,0,6,1
7200,936,936,936,140000,1,1,0,0,1,1,0,1,1,0,1,0,1,2,0,0,2,1,0,7,1
7804,1122,1328,1981,135000,1,1,0,0,1,0,1,0,1,0,1,0,3,3,1,2,2,1,0,11,3
10712,974,974,974,93500,1,1,0,0,1,1,1,0,1,0,0,0,2,2,0,0,0,0,0,8,1
9900,1008,1178,2210,117500,1,1,0,0,1,0,1,0,1,0,0,0,3,3,1,0,1,0,0,4,1
9828,1128,1142,2020,239500,0,1,0,0,2,1,0,0,0,0,0,1,2,5,3,1,2,0,0,5,3
8773,916,916,1600,169000,0,0,0,0,1,1,0,0,2,0,0,1,2,4,2,1,2,1,0,7,1
6180,960,986,986,102000,1,1,1,0,1,0,1,0,1,0,0,0,1,3,1,1,1,0,0,4,1
9600,1032,1032,1252,119000,1,1,0,0,1,1,0,0,1,1,0,0,2,3,1,0,1,0,0,3,2
6342,780,780,1020,94000,1,1,0,1,1,0,1,0,2,0,0,0,1,4,2,0,0,0,0,4,4
9819,1567,1567,1567,196000,0,1,0,0,1,1,0,0,1,0,1,0,1,3,1,2,2,1,0,4,3
8731,915,1167,1167,144000,0,1,0,0,1,0,1,0,1,0,0,0,2,3,1,1,2,0,0,4,1
7350,952,952,952,139000,1,1,1,0,1,1,0,0,1,0,1,0,1,2,0,0,2,0,0,5,2
10304,780,1088,1868,197500,0,1,2,3,1,1,0,1,0,0,1,1,3,5,3,1,2,1,0,9,3
9000,1006,1006,1006,80000,1,1,0,0,1,1,0,0,1,0,0,0,2,2,0,0,0,0,0,6,2
12180,672,672,924,80000,1,1,0,0,1,0,1,0,3,1,1,0,1,3,1,0,1,0,0,6,4
6240,1042,1042,1576,149000,1,1,0,0,1,0,1,0,0,0,0,0,2,5,3,1,1,0,0,7,0
11200,1298,1298,1298,180000,1,1,0,0,1,1,0,1,1,0,1,0,2,2,0,1,2,1,0,4,0
12000,704,860,1564,174500,1,0,0,0,2,0,1,0,0,0,0,1,2,4,2,1,1,0,0,6,3
5700,572,572,1111,116900,1,1,0,0,2,0,1,0,1,0,0,0,1,3,1,1,1,0,0,7,2
9000,650,832,1482,143000,1,1,0,1,2,0,1,0,0,0,1,0,2,4,2,0,2,0,0,6,3
8280,932,932,932,124000,0,1,0,0,1,1,0,0,0,1,0,0,1,2,0,1,1,0,0,10,1
14115,1073,1811,1811,230000,0,1,0,0,1,1,1,0,0,0,0,0,1,4,2,1,2,0,0,6,0
5890,816,816,816,120500,1,1,1,0,1,0,1,0,0,0,0,0,1,3,1,0,1,0,0,5,2
13700,864,902,1820,201800,0,1,0,0,2,1,1,2,1,0,0,1,3,4,2,2,2,1,0,4,2
10768,1437,1437,1437,218000,0,1,1,0,1,1,1,0,1,0,1,0,2,3,1,1,2,0,0,6,1
9350,1219,1265,1265,179900,1,1,0,0,1,1,1,0,2,0,1,0,2,3,1,1,2,0,0,9,2
5001,1314,1314,1314,230000,0,1,0,0,2,1,1,2,0,0,1,0,1,4,2,1,2,1,0,6,3
11932,1580,1580,1580,235128,1,1,3,1,2,1,1,2,0,0,0,0,2,4,2,0,3,0,0,5,2
9120,901,943,1876,185000,1,1,0,0,1,1,0,1,1,0,0,1,3,4,2,1,2,0,0,6,2
2280,855,855,1456,146000,1,1,0,0,1,1,0,0,3,0,0,1,2,4,2,1,2,1,0,6,4
14778,1296,1640,1640,224000,0,0,2,3,1,1,1,1,0,0,1,0,2,4,2,1,2,1,0,10,2
8724,894,894,894,129000,1,1,0,0,1,1,0,0,2,0,0,0,2,2,0,1,2,0,0,4,1
12900,1198,1258,1258,108959,1,1,0,1,1,1,0,0,1,0,1,1,0,6,4,0,2,1,0,0,2
16157,1360,1432,1432,194000,0,1,3,1,1,1,0,0,0,0,1,1,1,3,1,1,2,1,0,5,1
9541,1502,1502,1502,233170,0,1,0,0,2,1,0,2,0,0,0,0,2,4,2,0,2,0,0,8,3
10475,1694,1694,1694,245350,0,1,1,0,2,1,0,2,0,0,0,0,2,4,2,0,3,1,0,1,4
10852,959,959,1671,173000,0,1,0,2,1,1,0,0,0,0,1,1,2,4,2,1,2,0,0,1,0
13728,1127,1236,2108,235000,1,1,1,0,1,0,1,0,0,0,0,0,3,3,1,2,2,0,0,6,2
9880,1096,1118,1118,171000,1,1,0,0,1,1,0,0,1,0,1,0,2,3,1,1,1,1,1,6,2
9120,1261,1261,1261,163000,1,1,0,0,1,1,0,0,0,0,1,0,2,3,1,1,2,0,0,10,2
4017,625,625,1250,171900,0,1,0,0,2,1,1,0,0,0,0,1,1,3,1,0,2,0,0,2,2
16560,952,1170,2345,239000,0,1,0,0,1,0,1,0,1,0,0,1,3,5,3,1,2,0,0,6,0
6951,876,923,923,119500,0,1,2,0,1,1,1,0,1,0,1,0,2,2,0,0,1,1,0,9,2
3950,818,818,1224,115000,1,0,0,1,1,0,1,0,1,0,0,0,2,2,0,0,1,0,0,11,3
7681,731,820,1343,154900,0,1,3,0,1,0,1,0,0,0,0,1,2,4,2,1,1,1,0,6,3
8335,0,1124,1124,93000,1,1,1,0,1,1,0,0,2,0,0,0,2,2,0,1,0,0,0,3,0
10800,1120,1130,1130,120000,1,1,0,0,1,0,1,0,0,0,1,0,1,3,1,1,2,1,0,5,0
9738,784,949,1221,104900,1,1,0,0,1,0,1,0,2,0,1,0,3,3,1,0,1,0,0,2,0
10615,978,1014,1699,95000,0,0,1,1,1,0,1,0,1,0,1,0,2,4,2,0,2,0,0,7,3
12461,1624,1624,1624,262000,1,1,1,0,2,1,1,0,0,0,1,0,1,3,1,1,3,0,0,6,0
8935,831,831,1660,195000,0,1,0,0,2,1,0,1,0,0,0,1,2,4,2,0,2,1,0,6,3
7500,994,1028,1804,189000,1,1,0,0,2,1,0,0,2,0,0,1,2,4,2,1,2,1,0,5,4
2645,776,764,1441,174000,1,1,0,0,2,1,1,1,0,0,0,1,1,3,1,0,2,1,0,10,1
9600,702,842,1472,125000,1,1,0,0,1,0,1,0,2,0,0,0,2,3,1,0,1,0,0,6,1
4500,1224,1224,1224,165000,1,1,3,0,1,1,0,1,0,0,1,0,1,3,1,0,2,0,0,5,3
9364,663,663,1352,158000,1,1,1,0,1,1,0,2,1,0,0,1,3,3,1,0,1,1,0,2,4
8029,728,728,1456,176000,0,1,0,0,1,1,0,0,0,0,0,1,2,5,3,0,2,1,0,6,2
14054,879,879,1863,219210,0,1,0,0,2,1,0,0,0,0,0,1,3,5,3,1,3,1,0,10,0
8850,815,815,1690,144000,0,0,1,0,2,0,1,0,0,0,0,0,2,4,2,1,1,0,0,6,0
9100,1212,1212,1212,178000,1,1,0,0,2,1,0,0,0,0,0,0,2,3,1,0,2,1,0,5,3
11235,1051,1382,1382,148000,1,1,0,0,1,1,1,1,2,0,0,1,2,3,1,1,2,0,0,9,0
9353,864,864,864,116050,1,1,0,0,1,1,0,0,2,0,0,0,2,2,0,0,1,0,0,6,0
10400,866,866,1779,197900,1,1,1,0,2,1,0,0,0,0,0,1,2,3,1,0,2,1,0,2,3
6000,884,884,1348,117000,1,1,1,0,1,0,1,0,0,0,1,0,2,2,0,1,1,0,0,4,3
9750,1630,1630,1630,213000,1,1,0,0,2,1,1,1,0,0,0,0,2,3,1,1,2,1,0,9,3
10140,1056,1074,1074,153500,1,1,0,0,1,1,0,0,0,0,1,1,2,3,1,0,2,0,0,6,0
8900,1056,1056,1056,107000,1,1,0,0,1,1,0,0,1,0,1,0,1,3,1,0,1,0,0,10,0
9135,1682,1700,1700,200000,1,1,0,0,1,1,0,1,0,0,1,0,2,4,2,0,2,1,0,4,0
7763,931,1283,1283,140000,1,1,0,0,1,1,1,0,1,0,1,0,2,3,1,0,2,0,0,9,2
10182,1660,1660,1660,290000,0,1,2,2,2,1,0,2,0,0,1,0,2,5,3,1,2,1,0,4,0
11218,1055,1055,1845,189000,1,1,0,0,1,1,0,0,0,0,0,1,2,5,3,1,2,1,0,4,4
12134,559,1080,1752,164000,0,0,0,0,2,1,1,0,2,0,0,0,3,4,2,0,2,1,0,5,4
9340,672,672,672,113000,1,1,0,0,1,0,1,0,1,0,1,0,1,2,0,0,1,0,0,7,3
10246,648,960,960,145000,0,1,2,0,1,1,1,0,0,0,1,0,0,3,1,0,1,1,0,4,0
10205,925,999,999,134500,0,1,0,0,1,1,0,0,1,0,1,0,2,3,1,0,1,1,0,4,0
7094,894,894,894,125000,0,1,0,0,1,1,0,0,1,0,0,0,2,2,0,0,1,0,0,4,1
8930,0,1318,1902,112000,1,1,0,2,1,1,0,0,1,0,0,0,3,4,2,0,2,0,0,3,4
8640,1300,1314,1314,229456,1,1,0,0,2,1,0,2,0,0,1,0,2,3,1,0,2,1,0,8,3
6240,0,672,912,80500,1,1,0,0,1,1,1,0,2,0,0,0,1,1,0,0,0,0,0,6,0
1680,672,672,1218,91500,1,1,0,0,1,1,0,1,1,0,0,1,2,4,2,0,0,1,0,3,0
7800,912,912,912,115000,0,1,0,0,1,1,0,0,1,0,0,0,1,3,1,0,1,0,0,10,0
8250,952,1211,1211,134000,1,1,0,1,1,1,0,0,0,0,0,0,2,2,0,1,1,0,0,7,2
10496,1040,1168,1846,143000,1,1,0,1,1,1,1,1,0,0,0,0,2,4,2,1,1,0,0,0,1
15384,788,788,1490,184000,0,1,0,2,2,1,1,0,0,0,1,1,2,5,3,1,2,1,0,1,2
10482,588,1138,1138,145000,1,1,0,0,1,1,0,1,0,0,1,0,2,3,1,0,1,1,0,5,1
14598,894,894,1933,214000,0,1,2,1,1,1,0,2,0,0,0,1,3,5,3,1,3,1,0,0,2
8872,912,912,912,147000,1,1,1,0,1,1,1,1,0,0,1,0,1,3,1,0,2,0,0,11,2
7910,1075,1507,1507,127000,1,1,0,0,1,1,0,0,2,0,0,0,3,3,1,0,1,0,0,7,2
7728,1106,1190,1190,132500,1,1,0,0,1,1,0,1,1,0,1,0,2,3,1,0,2,0,0,4,0
9842,0,1224,1224,101800,1,1,3,0,1,1,0,0,1,0,0,0,1,4,2,0,2,0,0,2,1
12160,1188,1188,1188,142000,0,1,0,0,1,1,0,1,3,0,1,0,2,3,1,0,2,0,0,4,4
8525,940,1024,1964,130000,1,0,0,0,1,0,1,0,1,1,0,1,3,3,1,0,0,0,0,10,2
13132,747,892,1784,138887,1,1,0,0,1,0,1,0,2,1,0,1,3,5,3,0,1,1,0,6,0
2628,764,764,1626,175500,1,1,0,0,2,1,0,2,0,0,0,1,1,4,2,0,2,0,0,5,4
12393,847,847,1948,195000,0,1,3,0,2,1,1,0,0,0,0,1,3,4,2,1,2,1,0,8,0
13072,1141,1141,1141,142500,1,1,0,2,1,1,0,0,0,0,0,1,2,3,1,0,2,0,0,2,0
9037,1476,1484,1484,265900,0,0,0,0,2,1,0,1,0,0,0,0,1,4,2,1,2,1,0,11,1
8158,884,884,1768,224900,1,1,0,0,2,1,0,1,0,0,1,1,2,5,3,0,2,0,0,6,2
9849,1689,1689,1689,248328,1,1,0,0,2,1,0,2,0,0,0,0,2,4,2,0,3,0,0,5,1
10625,1053,1173,1173,170000,1,1,0,0,2,1,0,1,1,0,1,0,2,3,1,2,2,0,0,0,4
11435,792,792,1517,230000,0,0,1,0,2,0,1,0,3,0,0,0,2,4,2,2,2,0,0,5,0
12090,585,1140,1868,178000,1,1,0,0,1,1,1,1,0,0,0,1,2,4,2,1,2,1,0,0,1
8125,756,756,1553,186500,1,1,0,0,2,1,1,0,0,0,0,1,2,3,1,0,2,0,0,2,0
12328,1012,1034,1034,169900,0,1,0,0,1,1,0,1,1,0,1,0,2,3,1,0,3,0,0,4,4
9600,735,1134,2058,129500,1,1,0,0,1,0,1,0,3,0,0,1,2,5,3,1,2,0,0,3,2
7200,876,988,988,119000,1,1,0,0,1,1,0,0,1,0,0,0,2,3,1,0,1,0,0,4,1
3136,1405,1405,1405,171750,0,1,1,0,2,1,0,2,0,0,0,0,1,4,2,1,2,1,0,2,0
9858,864,874,874,130000,1,1,0,0,1,1,0,0,1,0,1,0,2,2,0,0,1,1,0,10,3
6931,746,760,1656,165400,1,1,0,0,2,1,1,2,0,0,0,1,2,4,2,1,2,1,0,6,2
6240,884,959,1367,127500,1,1,0,0,1,0,1,0,1,1,0,0,2,3,1,1,1,0,0,10,1
4060,864,864,864,99900,1,1,1,1,1,0,1,0,0,0,0,0,1,2,0,0,0,0,0,6,3
9587,856,1166,1166,190000,0,1,0,0,2,1,0,2,0,0,1,0,1,3,1,0,2,1,0,6,2
9750,1054,1054,1054,151000,1,1,3,0,1,1,0,0,2,0,1,1,2,3,1,0,2,1,0,6,2
9600,1050,1050,1050,128900,1,1,0,0,1,1,0,0,2,0,0,0,1,3,1,0,1,0,0,5,3
11250,1104,1104,1788,161500,1,1,0,0,1,1,1,0,0,1,1,0,3,3,1,2,1,1,0,10,3
13515,764,1060,1824,180500,1,1,0,0,1,0,1,0,0,1,0,0,2,5,3,1,2,0,0,6,1
4060,1405,1337,1337,181000,1,1,0,0,1,1,1,0,0,0,1,0,1,3,1,0,2,1,0,7,2
3735,691,713,1452,183900,1,1,3,0,2,1,0,1,0,0,1,1,2,3,1,0,2,0,0,2,0
10120,925,964,1889,122000,0,0,0,1,2,0,1,0,1,1,0,1,3,5,3,1,1,0,0,0,1
11344,874,874,1524,144000,1,1,0,1,1,1,0,1,1,1,0,1,2,4,2,0,1,0,0,6,1
9156,1489,1489,1489,185750,0,1,0,3,1,1,0,0,2,0,0,0,2,4,2,1,2,0,0,7,3
13526,935,935,935,137000,0,1,2,0,1,1,0,1,1,0,1,0,2,2,0,0,1,1,0,10,0
11512,1019,1357,1357,177000,0,1,1,0,1,1,1,1,2,0,1,0,1,3,1,1,1,0,0,4,2
5362,661,661,1250,139000,1,1,1,0,1,0,1,0,0,0,0,0,2,5,3,1,2,1,0,10,1
11345,928,928,1920,137000,1,1,1,1,1,1,1,2,2,1,0,0,3,6,4,0,2,0,0,6,1
12936,723,735,1395,162000,0,1,2,0,1,1,0,0,1,0,1,1,2,3,1,1,2,1,0,11,3
9473,1128,1128,2031,237000,1,1,0,0,2,1,0,0,0,0,1,1,2,4,2,1,2,0,0,2,2
7500,698,698,1128,68400,1,1,0,0,1,0,1,0,1,1,0,0,1,4,2,0,2,1,0,3,4
9808,1573,1573,1573,227000,0,1,0,0,2,1,0,1,0,0,1,0,2,3,1,0,2,0,0,2,3
8049,1309,1339,1339,180000,0,1,2,0,2,1,0,1,1,0,1,0,1,4,2,1,2,0,0,6,0
8800,1040,1040,1040,150500,0,1,0,0,1,1,1,0,1,0,0,0,2,2,0,0,2,0,0,8,3
9400,912,912,1824,139000,1,0,1,0,1,1,0,0,1,0,0,1,3,4,2,0,0,1,0,3,4
9638,804,1699,2447,169000,1,1,0,1,1,0,1,0,0,0,0,0,3,6,4,1,1,1,0,2,4
6000,780,825,1412,132500,1,1,0,0,1,0,1,0,0,1,0,0,3,2,0,1,1,1,0,4,3
9790,1328,1328,1328,143000,1,1,0,1,1,1,0,1,1,0,1,1,2,3,1,2,2,0,0,5,4
5664,1501,1659,1659,278000,0,1,0,0,2,1,0,0,0,0,1,0,1,3,1,1,2,1,0,9,3
11065,1085,1120,1970,281000,0,1,0,0,2,1,0,2,0,0,0,1,2,5,3,1,3,1,0,9,0
14112,1152,1152,1152,180500,0,1,1,0,1,1,0,1,1,0,1,0,2,3,1,1,2,1,0,3,4
1680,630,630,1302,119500,1,1,0,0,1,1,0,1,1,0,0,1,2,3,1,0,1,1,0,1,3
6600,994,1378,2372,107500,1,1,1,0,1,0,1,0,1,0,0,0,3,7,4,0,1,0,0,11,3
10140,832,832,1664,162900,1,1,0,0,2,1,0,0,1,0,0,1,3,4,2,1,2,0,0,2,0
8172,864,864,864,115000,1,1,0,0,1,1,1,0,1,0,1,0,1,3,1,0,2,0,0,3,0
8400,1052,1052,1052,138500,1,1,0,1,1,1,0,1,2,0,1,1,2,2,0,0,1,1,0,10,0
8700,1120,1128,1128,155000,1,1,0,0,1,1,0,1,2,0,1,0,2,3,1,0,2,1,0,11,2
3675,547,1072,1072,140000,1,1,0,0,1,1,1,1,2,0,1,0,1,3,1,0,2,0,0,5,0
7500,1246,1246,1246,154000,1,1,0,0,1,1,1,0,0,0,1,1,2,3,1,0,1,1,0,4,4
10762,978,1005,1983,225000,0,1,2,0,2,1,0,0,0,0,0,1,2,6,4,1,2,0,0,4,3
7500,771,753,1494,177500,0,0,0,0,1,0,1,0,3,0,0,0,2,4,2,2,1,0,0,10,3
8688,1616,1616,1616,232000,1,1,0,0,2,1,0,1,0,0,0,0,2,4,2,0,3,1,0,3,0
3363,976,976,1708,130000,1,1,0,0,2,1,0,2,0,0,0,0,2,4,2,0,2,0,0,3,0
13173,1652,1652,1652,325000,0,1,1,0,2,1,1,2,0,0,1,0,1,4,2,2,2,1,0,10,3
6955,1368,1368,1368,202500,0,1,0,0,2,1,1,2,0,0,0,0,1,4,2,1,2,1,0,8,0
8072,990,990,990,138000,1,1,0,0,1,1,1,0,0,0,1,0,2,2,0,0,2,0,0,4,3
12000,924,1122,1122,147000,1,1,0,0,1,1,1,0,0,0,1,0,1,4,2,0,2,0,0,4,2
7153,1278,1294,1294,179200,1,1,0,0,1,1,0,1,2,0,1,0,2,3,1,0,2,1,0,5,2
8814,1274,1274,1274,203000,1,1,0,0,2,1,1,1,0,0,1,0,2,3,1,0,2,1,0,0,1
8190,948,948,948,119000,1,1,0,0,1,1,0,0,0,0,1,0,2,2,0,1,1,0,0,9,1
11075,952,1092,2112,206900,1,1,0,0,1,1,0,0,1,0,0,1,3,5,3,2,2,1,0,5,2
10226,1622,1630,1630,295493,0,1,0,0,2,1,0,2,0,0,1,0,2,5,3,1,3,1,0,0,3
4230,1352,1352,1352,208900,1,1,1,0,2,1,1,0,0,0,0,0,1,3,1,1,2,0,0,3,1
14781,1753,1787,1787,275000,0,1,2,0,2,1,1,1,0,0,0,0,2,4,2,1,3,1,0,7,0
10215,864,948,948,111000,1,0,0,0,1,1,0,1,0,0,0,0,2,2,0,0,1,0,0,1,1
8400,1478,1478,1478,156500,1,1,0,0,1,1,0,0,2,0,1,1,2,3,1,2,2,1,0,5,3
6627,0,720,720,72500,0,1,1,1,1,1,1,0,1,0,0,0,1,2,0,0,1,0,0,6,2
10186,750,1061,1923,190000,0,1,0,0,2,1,0,0,0,0,1,1,2,5,3,1,2,1,0,5,4
5330,420,708,708,82500,1,0,0,0,1,0,1,0,2,0,0,0,1,3,1,0,0,1,0,11,3
3636,796,796,796,55000,1,1,0,0,1,0,1,0,3,0,0,0,1,3,1,0,0,0,0,0,2
4270,544,774,774,79000,1,0,0,0,1,0,1,0,0,0,0,0,2,3,1,0,0,0,0,4,1
6600,816,816,816,130500,1,1,0,0,1,1,1,0,0,0,1,0,2,2,0,1,1,0,0,9,2
9084,935,955,1632,176500,0,1,0,0,2,1,0,0,2,0,0,1,2,5,3,1,2,0,0,5,0
10000,1588,1588,1588,227000,1,1,0,0,2,1,0,2,0,0,0,0,2,4,2,1,3,1,0,11,1
10780,911,954,954,132500,0,1,0,0,1,1,0,0,2,0,0,0,2,3,1,0,2,0,0,6,0
8877,816,816,816,100000,1,1,0,0,1,0,1,0,0,0,1,0,1,1,0,1,1,0,0,4,3
7200,803,803,1360,125500,1,1,1,0,1,0,1,0,0,0,0,1,1,4,2,0,1,0,0,6,0
2368,765,765,1365,125000,1,1,0,0,1,1,0,0,1,0,0,1,2,4,2,0,2,0,0,4,3
9650,1350,1334,1334,167900,1,1,0,0,1,1,0,1,1,0,1,0,1,4,2,1,2,0,0,3,3
9246,1656,1656,1656,135000,0,1,0,1,1,1,0,1,1,0,0,0,3,4,2,0,2,0,0,10,2
4118,693,693,693,52500,0,0,1,1,1,0,1,0,3,1,0,0,1,2,0,0,0,0,0,2,0
13450,916,920,1861,200000,0,1,1,0,2,1,0,0,0,0,1,1,2,5,3,0,2,1,0,5,0
9560,864,864,864,128500,0,1,1,0,1,1,0,0,0,0,0,0,2,2,0,0,1,0,0,5,0
8294,858,872,872,123000,1,1,0,0,1,1,0,0,1,0,0,0,2,2,0,0,3,0,0,5,1
13695,1114,1114,1114,155000,1,1,0,2,1,1,1,0,0,0,1,0,2,3,1,0,2,0,0,6,2
9375,1284,1284,2169,228500,1,1,0,0,2,1,0,1,0,0,0,1,2,4,2,1,2,1,0,7,1
7558,896,1172,1913,177000,1,0,0,0,1,0,1,0,2,0,0,1,2,6,4,1,2,0,0,2,3
11103,728,728,1456,155835,0,1,1,0,2,1,0,0,0,0,0,1,2,5,3,1,2,0,0,6,1
6000,960,960,960,108500,1,1,0,0,1,0,1,0,2,1,0,0,1,3,1,0,1,0,0,6,1
15306,1732,1776,1776,283463,0,0,1,0,2,1,1,2,0,0,1,0,2,4,2,1,3,0,0,4,1
16196,1482,1494,1494,215000,0,0,0,0,2,1,0,0,0,0,1,0,2,2,0,1,2,1,0,7,1
5250,684,938,2358,122000,1,1,0,0,2,0,1,0,3,0,0,0,3,4,2,0,0,0,0,11,2
9247,858,858,1716,171000,0,1,0,0,1,1,0,1,0,0,0,1,3,4,2,1,2,0,0,2,2
6000,698,786,1176,134900,1,1,0,0,1,0,1,0,1,0,0,0,1,2,0,0,2,1,0,6,3
10316,992,992,1865,235000,0,1,0,0,2,1,0,0,0,0,1,1,2,4,2,1,3,0,0,5,2
10192,570,1222,1920,170000,0,1,0,0,2,1,1,1,2,0,0,0,3,4,2,1,2,0,0,8,0
9477,864,892,892,110000,1,1,1,0,1,1,0,1,1,0,0,0,2,2,0,0,1,0,0,9,2
12537,1078,1078,1078,149900,0,1,2,0,1,1,1,0,0,0,1,1,2,3,1,1,2,0,0,3,4
2117,756,769,1573,177500,1,1,0,0,1,1,0,1,0,0,0,1,2,2,0,0,2,0,0,5,4
16158,1530,1530,1530,260000,0,0,0,0,2,1,0,2,0,0,1,0,2,4,2,1,2,1,0,5,3
12513,715,1281,1738,104900,0,1,3,1,1,0,1,0,2,0,0,0,3,3,1,1,1,1,0,5,3
8499,616,616,1412,156932,0,1,0,0,1,1,1,0,0,0,0,1,2,3,1,1,2,0,0,2,1
3180,600,520,1200,144152,1,1,0,0,2,1,0,0,0,0,0,1,1,2,0,0,2,0,0,3,0
7500,814,814,1674,216000,1,1,0,0,2,1,0,0,0,0,1,1,2,4,2,0,2,0,0,0,4
9179,873,882,1790,193000,0,1,0,0,2,1,0,1,0,0,1,1,2,4,2,0,2,0,0,5,2
2665,757,925,1475,127000,1,1,0,0,1,1,0,0,0,0,0,0,3,2,0,1,1,1,0,6,0
4435,848,848,848,144000,1,1,0,0,1,1,1,1,0,0,1,0,0,3,1,0,2,1,0,5,3
10635,1657,1668,1668,232000,0,1,3,0,2,1,0,1,0,0,1,0,2,5,3,1,2,0,0,4,4
5400,840,840,1374,105000,1,1,1,1,1,0,1,0,0,0,0,0,1,4,2,0,1,0,0,9,3
9600,992,1661,1661,165500,1,1,0,0,1,1,1,0,2,0,1,0,2,5,3,1,1,0,0,9,2
9750,1108,1108,2097,274300,1,1,1,0,2,1,0,0,0,0,1,1,2,5,3,1,2,1,0,5,0
10625,1026,1026,1958,250000,1,1,0,0,2,1,0,0,0,0,0,1,2,6,4,1,3,1,0,6,2
10991,1571,1571,1571,239000,0,0,0,0,2,1,0,1,0,0,0,0,2,4,2,1,3,1,0,11,1
6292,768,790,790,91000,1,0,0,0,1,0,1,0,1,0,0,0,1,2,0,0,1,0,0,3,2
10998,984,984,1604,117000,1,1,0,0,1,0,1,0,0,0,0,0,2,3,1,0,2,0,0,6,3
1953,483,483,987,83000,1,1,0,0,1,1,0,1,1,0,0,1,1,3,1,0,1,1,0,5,0
9735,384,754,1394,167500,1,1,0,0,1,1,1,0,2,0,0,1,2,4,2,0,2,1,0,4,2
8212,864,864,864,58500,1,1,0,0,1,0,1,0,1,1,1,0,1,3,1,0,1,0,0,5,4
7200,596,998,1762,157000,1,1,1,0,2,0,1,0,0,0,1,1,3,4,2,0,2,1,0,9,0
9060,560,698,1258,105000,1,1,0,0,1,0,1,0,1,0,0,0,1,4,2,0,1,0,0,9,3
5436,796,796,1154,125500,1,1,0,0,1,0,1,0,2,0,1,0,2,4,2,0,1,0,0,4,4
6000,735,869,1218,131000,1,1,0,0,1,0,1,0,0,0,1,0,2,3,1,1,2,0,0,2,1
9100,1525,1525,1525,235000,1,1,0,0,2,1,0,1,0,0,1,0,2,3,1,0,2,1,0,8,0
8944,1584,1584,1584,124000,1,1,0,0,1,1,0,0,1,0,0,0,3,4,2,0,3,0,0,3,3
7838,864,900,900,123000,1,1,0,0,1,1,0,0,1,0,1,0,2,3,1,1,1,1,0,11,0
10800,482,1221,1912,163000,1,1,0,0,1,0,1,0,0,0,0,0,2,4,2,1,2,0,0,3,2
4045,1356,1500,1500,246578,1,1,0,0,2,1,0,1,0,0,1,0,1,4,2,1,3,1,0,9,0
6120,939,939,1513,137500,1,1,0,0,1,0,1,0,0,0,0,1,3,4,2,0,1,1,0,4,1
7200,1208,1136,1904,138000,1,1,0,0,1,1,1,0,2,1,1,1,2,4,2,0,1,0,0,4,3
6171,976,1160,1608,137450,1,1,0,0,1,0,1,0,0,0,0,1,2,4,2,1,1,1,0,9,3
6000,862,950,1158,120000,1,1,1,0,1,0,1,0,1,0,0,0,2,2,0,1,1,0,0,6,2
7415,839,864,1593,193000,0,1,0,0,1,1,0,0,0,0,1,1,2,5,3,1,2,1,0,3,2
6762,1286,1294,1294,193879,1,1,0,0,2,1,0,0,0,0,0,0,1,4,2,1,2,1,0,6,0
15256,1485,1464,1464,282922,0,1,2,2,2,1,0,2,0,0,1,0,2,3,1,0,3,1,0,7,1
10410,672,694,1214,105000,1,1,1,1,1,0,1,0,1,0,0,0,2,3,1,0,3,1,0,0,0
3842,1594,1646,1646,275000,0,0,0,0,2,1,1,2,0,0,1,0,1,3,1,1,2,1,0,0,2
8445,768,768,768,133000,1,1,1,0,1,1,1,0,1,0,1,0,1,3,1,0,2,1,0,2,3
8780,833,833,833,112000,0,1,1,0,1,1,0,0,0,0,1,0,2,2,0,0,0,0,0,2,3
7740,622,741,1363,125500,1,1,0,0,1,0,1,0,2,0,0,0,2,3,1,0,2,0,0,5,4
12420,944,944,1840,230000,1,1,0,0,2,1,0,0,0,0,1,1,2,3,1,0,2,0,0,5,3
9600,856,1112,1668,140000,1,1,0,0,1,1,1,0,0,0,0,1,2,3,1,0,1,0,0,8,3
7200,0,1040,1040,90000,1,1,0,0,1,1,1,0,3,1,0,0,1,4,2,0,2,0,0,5,3
13053,833,1053,1848,207000,1,0,0,0,1,0,1,0,2,0,0,1,3,4,2,1,2,0,0,5,2
3635,1386,1569,1569,175900,1,1,0,0,2,1,0,1,0,0,1,0,0,6,4,1,3,1,0,4,3
11340,777,1246,2290,122500,1,1,0,0,1,0,1,0,2,0,0,0,3,7,4,0,2,0,0,3,4
9204,1144,1144,1144,124000,1,1,0,0,1,1,0,0,1,0,1,1,2,3,1,0,1,0,0,7,2
11700,708,708,1416,179900,1,1,1,0,1,1,0,1,2,0,0,1,2,4,2,1,2,0,0,4,0
4043,1069,1069,1069,127500,1,1,0,0,1,1,0,0,1,0,0,0,1,2,0,1,2,0,0,6,4
4435,848,848,848,136500,1,1,0,0,1,1,0,1,0,0,1,0,0,2,0,0,2,1,0,2,2
9503,1024,1344,1344,144000,1,1,0,0,1,1,1,0,1,0,1,0,1,4,2,1,1,1,0,5,1
10721,1252,1252,1252,142000,0,1,0,0,1,1,0,2,0,0,0,0,2,4,2,0,2,0,0,9,2
10944,1223,1223,2127,271000,0,1,0,0,2,1,0,1,0,0,1,1,2,2,0,2,2,1,0,7,2
10930,913,1048,1558,140000,1,0,0,1,1,0,1,0,1,1,1,1,2,3,1,1,1,0,0,3,2
7200,788,804,804,119000,1,1,1,0,1,0,1,2,1,0,1,0,1,2,0,2,1,0,0,1,4
12546,1440,1440,1440,182900,0,1,1,0,1,1,0,1,0,0,0,0,2,4,2,1,2,0,0,3,1
4928,958,958,958,143750,0,1,0,0,1,1,0,0,1,0,0,0,1,3,1,0,2,0,0,9,3
10800,656,968,968,64500,1,1,0,0,1,0,1,0,1,0,0,0,3,1,0,0,1,0,0,7,1
10261,936,962,1792,186500,0,1,0,0,1,1,0,1,0,0,1,1,2,5,3,1,2,0,0,4,2
17400,1126,1126,1126,160000,1,0,0,0,1,1,0,0,3,0,1,0,2,2,0,1,2,1,0,4,0
8400,1319,1537,1537,174000,1,1,0,0,1,1,1,1,1,0,1,1,2,4,2,1,2,0,0,6,2
9000,864,864,864,120500,1,1,3,0,1,1,0,0,1,0,0,0,2,2,0,0,2,0,0,4,1
7407,912,1236,1236,149700,1,1,0,1,1,1,1,0,1,1,1,0,1,4,2,0,2,0,0,3,4
11584,539,1040,1725,197000,1,1,0,0,2,1,0,1,1,0,0,1,2,3,1,1,2,0,0,10,1
4426,848,848,848,149300,1,1,0,0,1,1,0,1,0,0,1,0,0,2,0,1,2,1,0,4,2
11003,1017,1026,2007,310000,1,1,0,0,2,1,0,2,0,0,1,1,2,7,4,1,3,1,0,3,3
8854,952,952,952,121000,1,1,0,0,1,0,1,0,3,1,0,0,1,2,0,1,1,0,0,4,3
8500,1422,1422,1422,179600,1,1,3,0,2,1,0,1,0,0,0,0,2,4,2,0,2,1,0,10,1
8400,814,913,913,129000,1,1,0,0,1,1,0,0,2,0,1,0,2,3,1,0,1,0,0,4,1
10000,1220,1220,2090,240000,1,1,0,0,2,1,1,1,0,0,1,1,2,5,3,1,2,0,0,11,1
11767,560,796,1346,112000,1,1,0,0,1,0,1,0,2,0,0,1,1,4,2,0,1,1,0,4,1
1533,630,630,630,92000,1,1,0,0,1,1,0,0,0,0,1,0,0,2,0,0,0,0,0,7,0
9000,896,896,1792,136000,1,1,3,0,1,1,0,0,1,0,0,1,3,4,2,0,0,1,0,8,3
9262,1573,1578,1578,287090,1,1,0,0,2,1,1,2,0,0,0,0,2,4,2,1,3,0,0,4,3
3675,547,1072,1072,145000,1,1,0,0,1,1,0,1,2,0,1,0,1,3,1,0,2,0,0,4,0
17217,1140,1140,1140,84500,1,1,0,0,1,1,0,0,0,0,0,0,2,3,1,0,0,1,0,6,0
7500,1221,1221,1221,185000,1,1,0,0,2,1,1,0,0,0,1,0,1,4,2,0,2,0,0,9,3
7917,953,953,1647,175000,1,1,0,0,1,1,1,0,0,0,0,1,2,4,2,1,2,0,0,7,1
9042,1152,1188,2340,266500,1,1,0,0,2,0,1,0,0,0,0,0,3,5,3,2,1,0,0,4,4
9717,1078,1078,1078,142125,1,1,0,0,1,1,1,0,2,1,1,0,1,3,1,0,1,1,0,3,4
9937,1256,1256,1256,147500,1,1,0,0,1,1,0,0,2,0,1,1,2,3,1,0,1,1,0,5,2
